{"Year":[2016,2016],"SERIES":["\u0421\u0440\u0435\u0434\u045a\u0438 \u0433\u043e\u0434\u0438\u0448\u045a\u0438 \u043d\u0438\u0432\u043e \u0444\u0438\u043d\u0438\u0445 \u0447\u0435\u0441\u0442\u0438\u0446\u0430 \u0443 \u0433\u0440\u0430\u0434\u043e\u0432\u0438\u043c\u0430, \u0443\u0440\u0431\u0430\u043d\u043e \u0441\u0442\u0430\u043d\u043e\u0432\u043d\u0438\u0448\u0442\u0432\u043e","\u0421\u0440\u0435\u0434\u045a\u0438 \u0433\u043e\u0434\u0438\u0448\u045a\u0438 \u043d\u0438\u0432\u043e \u0444\u0438\u043d\u0438\u0445 \u0447\u0435\u0441\u0442\u0438\u0446\u0430 \u0443 \u0433\u0440\u0430\u0434\u043e\u0432\u0438\u043c\u0430, \u0443\u0440\u0431\u0430\u043d\u043e \u0441\u0442\u0430\u043d\u043e\u0432\u043d\u0438\u0448\u0442\u0432\u043e"],"UNIT_MEASURE":["\u041c\u0438\u043a\u0440\u043e\u0433\u0440\u0430\u043c\u0438 \u043f\u043e \u043a\u0443\u0431\u043d\u043e\u043c \u043c\u0435\u0442\u0440\u0443","\u041c\u0438\u043a\u0440\u043e\u0433\u0440\u0430\u043c\u0438 \u043f\u043e \u043a\u0443\u0431\u043d\u043e\u043c \u043c\u0435\u0442\u0440\u0443"],"\u0421\u0442\u0435\u043f\u0435\u043d \u0443\u0440\u0431\u0430\u043d\u0438\u0437\u0430\u0446\u0438\u0458\u0435":["\u0423\u043a\u0443\u043f\u043d\u043e","\u0423\u0440\u0431\u0430\u043d\u043e"],"Value":[27.2516880035,29.7395954132]}