{"Year":[2019,2019,2019,2019,2019,2019],"SERIES":["AG_FOOD_WST","AG_FOOD_WST","AG_FOOD_WST","AG_FOOD_WST_PC","AG_FOOD_WST_PC","AG_FOOD_WST_PC"],"UNIT_MEASURE":["\u0422\u043e\u043d\u0435","\u0422\u043e\u043d\u0435","\u0422\u043e\u043d\u0435","\u0422\u043e\u043d\u0435","\u0422\u043e\u043d\u0435","\u0422\u043e\u043d\u0435"],"\u0421\u0435\u043a\u0442\u043e\u0440 \u043f\u0440\u0435\u0445\u0440\u0430\u043c\u0431\u0435\u043d\u043e\u0433 \u043e\u0442\u043f\u0430\u0434\u0430":["\u0414\u043e\u043c\u0430\u045b\u0438\u043d\u0441\u0442\u0432\u0430","\u041f\u043e\u0442\u0440\u043e\u0448\u045a\u0430 \u0438\u0437\u0432\u0430\u043d \u0434\u043e\u043c\u0430\u045b\u0438\u043d\u0441\u0442\u0432\u0430","\u041c\u0430\u043b\u043e\u043f\u0440\u043e\u0434\u0430\u0458\u0430","\u0414\u043e\u043c\u0430\u045b\u0438\u043d\u0441\u0442\u0432\u0430","\u041f\u043e\u0442\u0440\u043e\u0448\u045a\u0430 \u0438\u0437\u0432\u0430\u043d \u0434\u043e\u043c\u0430\u045b\u0438\u043d\u0441\u0442\u0432\u0430","\u041c\u0430\u043b\u043e\u043f\u0440\u043e\u0434\u0430\u0458\u0430"],"Value":[273269.2359,91266.29414,51628.39459,82.78377,27.64808,15.64023]}