{"Year":[2014,2015,2016,2017,2018,2019,2014,2015,2016,2017,2018,2019,2014],"SERIES":["EN_EWT_RCYV","EN_EWT_RCYV","EN_EWT_RCYV","EN_EWT_RCYV","EN_EWT_RCYV","EN_EWT_RCYV","EN_EWT_RCYPCAP","EN_EWT_RCYPCAP","EN_EWT_RCYPCAP","EN_EWT_RCYPCAP","EN_EWT_RCYPCAP","EN_EWT_RCYPCAP","EN_EWT_RCYR"],"UNIT_MEASURE":["\u0422\u043e\u043d\u0435","\u0422\u043e\u043d\u0435","\u0422\u043e\u043d\u0435","\u0422\u043e\u043d\u0435","\u0422\u043e\u043d\u0435","\u0422\u043e\u043d\u0435","\u041a\u0438\u043b\u043e\u0433\u0440\u0430\u043c\u0438","\u041a\u0438\u043b\u043e\u0433\u0440\u0430\u043c\u0438","\u041a\u0438\u043b\u043e\u0433\u0440\u0430\u043c\u0438","\u041a\u0438\u043b\u043e\u0433\u0440\u0430\u043c\u0438","\u041a\u0438\u043b\u043e\u0433\u0440\u0430\u043c\u0438","\u041a\u0438\u043b\u043e\u0433\u0440\u0430\u043c\u0438","\u041f\u0440\u043e\u0446\u0435\u043d\u0430\u0442"],"Value":[1108.73,1157.02,1197.58,1237.93,1271.2,1310.05,0.3184070215,0.3373876418,0.3536585661,0.3693626247,0.382439399,0.3968655797,4.799937]}