{"Year":[2000,2010,2015,2016,2017,2018,2019,2020,2000,2010,2015,2016,2017,2018,2019,2020,2020,2010,2015,2016,2017,2018,2019,2020],"SERIES":["AG_LND_FRSTN","AG_LND_FRSTN","AG_LND_FRSTN","AG_LND_FRSTN","AG_LND_FRSTN","AG_LND_FRSTN","AG_LND_FRSTN","AG_LND_FRSTN","AG_LND_FRST","AG_LND_FRST","AG_LND_FRST","AG_LND_FRST","AG_LND_FRST","AG_LND_FRST","AG_LND_FRST","AG_LND_FRST","AG_LND_TOTL","AG_LND_TOTL","AG_LND_TOTL","AG_LND_TOTL","AG_LND_TOTL","AG_LND_TOTL","AG_LND_TOTL","AG_LND_TOTL"],"UNIT_MEASURE":["\u0425\u0438\u0459\u0430\u0434\u0435 \u0445\u0435\u043a\u0442\u0430\u0440\u0430","\u0425\u0438\u0459\u0430\u0434\u0435 \u0445\u0435\u043a\u0442\u0430\u0440\u0430","\u0425\u0438\u0459\u0430\u0434\u0435 \u0445\u0435\u043a\u0442\u0430\u0440\u0430","\u0425\u0438\u0459\u0430\u0434\u0435 \u0445\u0435\u043a\u0442\u0430\u0440\u0430","\u0425\u0438\u0459\u0430\u0434\u0435 \u0445\u0435\u043a\u0442\u0430\u0440\u0430","\u0425\u0438\u0459\u0430\u0434\u0435 \u0445\u0435\u043a\u0442\u0430\u0440\u0430","\u0425\u0438\u0459\u0430\u0434\u0435 \u0445\u0435\u043a\u0442\u0430\u0440\u0430","\u0425\u0438\u0459\u0430\u0434\u0435 \u0445\u0435\u043a\u0442\u0430\u0440\u0430","\u041f\u0440\u043e\u0446\u0435\u043d\u0430\u0442","\u041f\u0440\u043e\u0446\u0435\u043d\u0430\u0442","\u041f\u0440\u043e\u0446\u0435\u043d\u0430\u0442","\u041f\u0440\u043e\u0446\u0435\u043d\u0430\u0442","\u041f\u0440\u043e\u0446\u0435\u043d\u0430\u0442","\u041f\u0440\u043e\u0446\u0435\u043d\u0430\u0442","\u041f\u0440\u043e\u0446\u0435\u043d\u0430\u0442","\u041f\u0440\u043e\u0446\u0435\u043d\u0430\u0442","\u0425\u0438\u0459\u0430\u0434\u0435 \u0445\u0435\u043a\u0442\u0430\u0440\u0430","\u0425\u0438\u0459\u0430\u0434\u0435 \u0445\u0435\u043a\u0442\u0430\u0440\u0430","\u0425\u0438\u0459\u0430\u0434\u0435 \u0445\u0435\u043a\u0442\u0430\u0440\u0430","\u0425\u0438\u0459\u0430\u0434\u0435 \u0445\u0435\u043a\u0442\u0430\u0440\u0430","\u0425\u0438\u0459\u0430\u0434\u0435 \u0445\u0435\u043a\u0442\u0430\u0440\u0430","\u0425\u0438\u0459\u0430\u0434\u0435 \u0445\u0435\u043a\u0442\u0430\u0440\u0430","\u0425\u0438\u0459\u0430\u0434\u0435 \u0445\u0435\u043a\u0442\u0430\u0440\u0430","\u0425\u0438\u0459\u0430\u0434\u0435 \u0445\u0435\u043a\u0442\u0430\u0440\u0430"],"Value":[2111.65,2102.66,2160.5,2176.51,2187.91,2187.91,2187.91,2187.91,41.24316,41.06758,42.19727,42.50996,42.73262,42.73262,42.73262,42.73262,5120.0,5120.0,5120.0,5120.0,5120.0,5120.0,5120.0,5120.0]}