{"Year":[2017,2017,2017],"SERIES":["ER_MTN_GRNCVI","ER_MTN_TOTL","ER_MTN_GRNCOV"],"UNIT_MEASURE":["\u0418\u043d\u0434\u0435x","\u041a\u0432\u0430\u0434\u0440\u0430\u0442\u043d\u0438\u0445 \u043a\u0438\u043b\u043e\u043c\u0435\u0442\u0430\u0440\u0430","\u041a\u0432\u0430\u0434\u0440\u0430\u0442\u043d\u0438\u0445 \u043a\u0438\u043b\u043e\u043c\u0435\u0442\u0430\u0440\u0430"],"Value":[94.405594,36.4415446484,34.4028568359]}