{"Year":[2017,2017,2017],"SERIES":["\u0418\u043d\u0434\u0435\u043a\u0441 \u043f\u043b\u0430\u043d\u0438\u043d\u0441\u043a\u043e\u0433 \u0437\u0435\u043b\u0435\u043d\u043e\u0433 \u043f\u043e\u043a\u0440\u0438\u0432\u0430\u0447\u0430","\u041f\u043b\u0430\u043d\u0438\u043d\u0441\u043a\u043e \u043f\u043e\u0434\u0440\u0443\u0447\u0458\u0435 (\u043a\u0432\u0430\u0434\u0440\u0430\u0442\u043d\u0438 \u043a\u0438\u043b\u043e\u043c\u0435\u0442\u0440\u0438)","\u0418\u043d\u0434\u0435\u043a\u0441 \u043f\u043b\u0430\u043d\u0438\u043d\u0441\u043a\u043e\u0433 \u0437\u0435\u043b\u0435\u043d\u043e\u0433 \u043f\u043e\u043a\u0440\u0438\u0432\u0430\u0447\u0430 (\u043a\u0432\u0430\u0434\u0440\u0430\u0442\u043d\u0438\u0445 \u043a\u0438\u043b\u043e\u043c\u0435\u0442\u0430\u0440\u0430)"],"UNIT_MEASURE":["\u0418\u043d\u0434\u0435x","\u041a\u0432\u0430\u0434\u0440\u0430\u0442\u043d\u0438\u0445 \u043a\u0438\u043b\u043e\u043c\u0435\u0442\u0430\u0440\u0430","\u041a\u0432\u0430\u0434\u0440\u0430\u0442\u043d\u0438\u0445 \u043a\u0438\u043b\u043e\u043c\u0435\u0442\u0430\u0440\u0430"],"Value":[94.405594,36.4415446484,34.4028568359]}