{"Year":[2009,2013],"SERIES":["\u0423\u0447\u0435\u0441\u0442\u0430\u043b\u043e\u0441\u0442 \u043f\u043e\u0434\u043c\u0438\u045b\u0438\u0432\u0430\u045a\u0430 (% \u0444\u0438\u0440\u043c\u0438 \u043a\u043e\u0458\u0435 \u0438\u043c\u0430\u0458\u0443 \u0431\u0430\u0440\u0435\u043c \u0458\u0435\u0434\u0430\u043d \u0437\u0430\u0445\u0442\u0458\u0435\u0432 \u0437\u0430 \u043f\u043b\u0430\u045b\u0430\u045a\u0435 \u043c\u0438\u0442\u0430)","\u0423\u0447\u0435\u0441\u0442\u0430\u043b\u043e\u0441\u0442 \u043f\u043e\u0434\u043c\u0438\u045b\u0438\u0432\u0430\u045a\u0430 (% \u0444\u0438\u0440\u043c\u0438 \u043a\u043e\u0458\u0435 \u0438\u043c\u0430\u0458\u0443 \u0431\u0430\u0440\u0435\u043c \u0458\u0435\u0434\u0430\u043d \u0437\u0430\u0445\u0442\u0458\u0435\u0432 \u0437\u0430 \u043f\u043b\u0430\u045b\u0430\u045a\u0435 \u043c\u0438\u0442\u0430)"],"UNIT_MEASURE":["\u041f\u0440\u043e\u0446\u0435\u043d\u0430\u0442","\u041f\u0440\u043e\u0446\u0435\u043d\u0430\u0442"],"Value":[10.18887,10.65984]}