{"Year":[2018,2018,2018,2018],"SERIES":["SG_PLN_REPOLRES","SG_PLN_RECNDI","SG_PLN_RECRICTRY","SG_PLN_RECRIMON"],"UNIT_MEASURE":["\u041f\u0440\u043e\u0446\u0435\u043d\u0430\u0442","\u041f\u0440\u043e\u0446\u0435\u043d\u0430\u0442","\u041f\u0440\u043e\u0446\u0435\u043d\u0430\u0442","\u041f\u0440\u043e\u0446\u0435\u043d\u0430\u0442"],"Value":[33.8574563464,53.4246563911,22.8977277875,25.2499848604]}