{"Year":[2000,2006,2012,2000,2006,2012],"SERIES":["\u0414\u0458\u0435\u0446\u0430 \u0443\u043c\u0458\u0435\u0440\u0435\u043d\u043e \u0438\u043b\u0438 \u0442\u0435\u0448\u043a\u043e \u0437\u0430\u043e\u0441\u0442\u0430\u043b\u0430 \u0443 \u0440\u0430\u0437\u0432\u043e\u0458\u0443 (\u0431\u0440\u043e\u0458)","\u0414\u0458\u0435\u0446\u0430 \u0443\u043c\u0458\u0435\u0440\u0435\u043d\u043e \u0438\u043b\u0438 \u0442\u0435\u0448\u043a\u043e \u0437\u0430\u043e\u0441\u0442\u0430\u043b\u0430 \u0443 \u0440\u0430\u0437\u0432\u043e\u0458\u0443 (\u0431\u0440\u043e\u0458)","\u0414\u0458\u0435\u0446\u0430 \u0443\u043c\u0458\u0435\u0440\u0435\u043d\u043e \u0438\u043b\u0438 \u0442\u0435\u0448\u043a\u043e \u0437\u0430\u043e\u0441\u0442\u0430\u043b\u0430 \u0443 \u0440\u0430\u0437\u0432\u043e\u0458\u0443 (\u0431\u0440\u043e\u0458)","\u0423\u0434\u0438\u043e \u0434\u0458\u0435\u0446\u0435 \u0443\u043c\u0458\u0435\u0440\u0435\u043d\u043e \u0438\u043b\u0438 \u043e\u0437\u0431\u0438\u0459\u043d\u043e \u0437\u0430\u043e\u0441\u0442\u0430\u043b\u0435 \u0443 \u0440\u0430\u0437\u0432\u043e\u0458\u0443","\u0423\u0434\u0438\u043e \u0434\u0458\u0435\u0446\u0435 \u0443\u043c\u0458\u0435\u0440\u0435\u043d\u043e \u0438\u043b\u0438 \u043e\u0437\u0431\u0438\u0459\u043d\u043e \u0437\u0430\u043e\u0441\u0442\u0430\u043b\u0435 \u0443 \u0440\u0430\u0437\u0432\u043e\u0458\u0443","\u0423\u0434\u0438\u043e \u0434\u0458\u0435\u0446\u0435 \u0443\u043c\u0458\u0435\u0440\u0435\u043d\u043e \u0438\u043b\u0438 \u043e\u0437\u0431\u0438\u0459\u043d\u043e \u0437\u0430\u043e\u0441\u0442\u0430\u043b\u0435 \u0443 \u0440\u0430\u0437\u0432\u043e\u0458\u0443"],"UNIT_MEASURE":["\u0425\u0438\u0459\u0430\u0434\u0435","\u0425\u0438\u0459\u0430\u0434\u0435","\u0425\u0438\u0459\u0430\u0434\u0435","\u041f\u0440\u043e\u0446\u0435\u043d\u0430\u0442","\u041f\u0440\u043e\u0446\u0435\u043d\u0430\u0442","\u041f\u0440\u043e\u0446\u0435\u043d\u0430\u0442"],"\u0413\u043e\u0434\u0438\u043d\u0435":["\u0418\u0441\u043f\u043e\u0434 5 \u0433\u043e\u0434\u0438\u043d\u0430","\u0418\u0441\u043f\u043e\u0434 5 \u0433\u043e\u0434\u0438\u043d\u0430","\u0418\u0441\u043f\u043e\u0434 5 \u0433\u043e\u0434\u0438\u043d\u0430","\u0418\u0441\u043f\u043e\u0434 5 \u0433\u043e\u0434\u0438\u043d\u0430","\u0418\u0441\u043f\u043e\u0434 5 \u0433\u043e\u0434\u0438\u043d\u0430","\u0418\u0441\u043f\u043e\u0434 5 \u0433\u043e\u0434\u0438\u043d\u0430"],"Value":[28.43425,19.49263,16.26161,12.12708,11.813,8.88656]}