{"Year":[2000,2001,2002,2003,2004,2005,2006,2007,2008,2009,2010,2011,2012,2013,2014,2015,2016,2017,2018],"SERIES":["DC_TOF_AGRL","DC_TOF_AGRL","DC_TOF_AGRL","DC_TOF_AGRL","DC_TOF_AGRL","DC_TOF_AGRL","DC_TOF_AGRL","DC_TOF_AGRL","DC_TOF_AGRL","DC_TOF_AGRL","DC_TOF_AGRL","DC_TOF_AGRL","DC_TOF_AGRL","DC_TOF_AGRL","DC_TOF_AGRL","DC_TOF_AGRL","DC_TOF_AGRL","DC_TOF_AGRL","DC_TOF_AGRL"],"UNIT_MEASURE":["\u0410\u043c\u0435\u0440\u0438\u0447\u043a\u0438 \u0434\u043e\u043b\u0430\u0440","\u0410\u043c\u0435\u0440\u0438\u0447\u043a\u0438 \u0434\u043e\u043b\u0430\u0440","\u0410\u043c\u0435\u0440\u0438\u0447\u043a\u0438 \u0434\u043e\u043b\u0430\u0440","\u0410\u043c\u0435\u0440\u0438\u0447\u043a\u0438 \u0434\u043e\u043b\u0430\u0440","\u0410\u043c\u0435\u0440\u0438\u0447\u043a\u0438 \u0434\u043e\u043b\u0430\u0440","\u0410\u043c\u0435\u0440\u0438\u0447\u043a\u0438 \u0434\u043e\u043b\u0430\u0440","\u0410\u043c\u0435\u0440\u0438\u0447\u043a\u0438 \u0434\u043e\u043b\u0430\u0440","\u0410\u043c\u0435\u0440\u0438\u0447\u043a\u0438 \u0434\u043e\u043b\u0430\u0440","\u0410\u043c\u0435\u0440\u0438\u0447\u043a\u0438 \u0434\u043e\u043b\u0430\u0440","\u0410\u043c\u0435\u0440\u0438\u0447\u043a\u0438 \u0434\u043e\u043b\u0430\u0440","\u0410\u043c\u0435\u0440\u0438\u0447\u043a\u0438 \u0434\u043e\u043b\u0430\u0440","\u0410\u043c\u0435\u0440\u0438\u0447\u043a\u0438 \u0434\u043e\u043b\u0430\u0440","\u0410\u043c\u0435\u0440\u0438\u0447\u043a\u0438 \u0434\u043e\u043b\u0430\u0440","\u0410\u043c\u0435\u0440\u0438\u0447\u043a\u0438 \u0434\u043e\u043b\u0430\u0440","\u0410\u043c\u0435\u0440\u0438\u0447\u043a\u0438 \u0434\u043e\u043b\u0430\u0440","\u0410\u043c\u0435\u0440\u0438\u0447\u043a\u0438 \u0434\u043e\u043b\u0430\u0440","\u0410\u043c\u0435\u0440\u0438\u0447\u043a\u0438 \u0434\u043e\u043b\u0430\u0440","\u0410\u043c\u0435\u0440\u0438\u0447\u043a\u0438 \u0434\u043e\u043b\u0430\u0440","\u0410\u043c\u0435\u0440\u0438\u0447\u043a\u0438 \u0434\u043e\u043b\u0430\u0440"],"Value":[101.23285,84.27593,9.61141,12.45719,38.93128,11.65837,11.78383,11.906,12.98218,19.31165,15.04609,17.41843,19.4012,20.96925,17.95875,10.89256,7.73341,9.5384,14.23957]}