{"Year":[2019,2020,2021,2019,2020,2021,2019,2020,2021],"SERIES":["SE_PRE_PARTN","SE_PRE_PARTN","SE_PRE_PARTN","SE_PRE_PARTN","SE_PRE_PARTN","SE_PRE_PARTN","SE_PRE_PARTN","SE_PRE_PARTN","SE_PRE_PARTN"],"UNIT_MEASURE":["PT","PT","PT","PT","PT","PT","PT","PT","PT"],"\u041f\u043e\u043b":["\u041e\u0431\u0430 \u043f\u043e\u043b\u0430 \u0438\u043b\u0438 \u0431\u0435\u0437 \u043f\u043e\u0434\u0458\u0435\u043b\u0435 \u043f\u043e \u043f\u043e\u043b\u0443","\u041e\u0431\u0430 \u043f\u043e\u043b\u0430 \u0438\u043b\u0438 \u0431\u0435\u0437 \u043f\u043e\u0434\u0458\u0435\u043b\u0435 \u043f\u043e \u043f\u043e\u043b\u0443","\u041e\u0431\u0430 \u043f\u043e\u043b\u0430 \u0438\u043b\u0438 \u0431\u0435\u0437 \u043f\u043e\u0434\u0458\u0435\u043b\u0435 \u043f\u043e \u043f\u043e\u043b\u0443","\u0416\u0435\u043d\u0435","\u0416\u0435\u043d\u0435","\u0416\u0435\u043d\u0435","\u041c\u0443\u0448\u043a\u0430\u0440\u0446\u0438","\u041c\u0443\u0448\u043a\u0430\u0440\u0446\u0438","\u041c\u0443\u0448\u043a\u0430\u0440\u0446\u0438"],"Value":[27.52321,29.34612,29.17194,27.12233,28.59121,29.26378,27.90273,30.0612,29.08514]}