{"Year":[2000,2001,2002,2003,2004,2005,2006,2007,2008,2009,2010,2011,2012,2013,2014,2015,2016,2017],"SERIES":["SH_H2O_SAFE","SH_H2O_SAFE","SH_H2O_SAFE","SH_H2O_SAFE","SH_H2O_SAFE","SH_H2O_SAFE","SH_H2O_SAFE","SH_H2O_SAFE","SH_H2O_SAFE","SH_H2O_SAFE","SH_H2O_SAFE","SH_H2O_SAFE","SH_H2O_SAFE","SH_H2O_SAFE","SH_H2O_SAFE","SH_H2O_SAFE","SH_H2O_SAFE","SH_H2O_SAFE"],"UNIT_MEASURE":["\u041f\u0440\u043e\u0446\u0435\u043d\u0430\u0442","\u041f\u0440\u043e\u0446\u0435\u043d\u0430\u0442","\u041f\u0440\u043e\u0446\u0435\u043d\u0430\u0442","\u041f\u0440\u043e\u0446\u0435\u043d\u0430\u0442","\u041f\u0440\u043e\u0446\u0435\u043d\u0430\u0442","\u041f\u0440\u043e\u0446\u0435\u043d\u0430\u0442","\u041f\u0440\u043e\u0446\u0435\u043d\u0430\u0442","\u041f\u0440\u043e\u0446\u0435\u043d\u0430\u0442","\u041f\u0440\u043e\u0446\u0435\u043d\u0430\u0442","\u041f\u0440\u043e\u0446\u0435\u043d\u0430\u0442","\u041f\u0440\u043e\u0446\u0435\u043d\u0430\u0442","\u041f\u0440\u043e\u0446\u0435\u043d\u0430\u0442","\u041f\u0440\u043e\u0446\u0435\u043d\u0430\u0442","\u041f\u0440\u043e\u0446\u0435\u043d\u0430\u0442","\u041f\u0440\u043e\u0446\u0435\u043d\u0430\u0442","\u041f\u0440\u043e\u0446\u0435\u043d\u0430\u0442","\u041f\u0440\u043e\u0446\u0435\u043d\u0430\u0442","\u041f\u0440\u043e\u0446\u0435\u043d\u0430\u0442"],"\u0421\u0442\u0435\u043f\u0435\u043d \u0443\u0440\u0431\u0430\u043d\u0438\u0437\u0430\u0446\u0438\u0458\u0435":["\u0423\u043a\u0443\u043f\u043d\u043e","\u0423\u043a\u0443\u043f\u043d\u043e","\u0423\u043a\u0443\u043f\u043d\u043e","\u0423\u043a\u0443\u043f\u043d\u043e","\u0423\u043a\u0443\u043f\u043d\u043e","\u0423\u043a\u0443\u043f\u043d\u043e","\u0423\u043a\u0443\u043f\u043d\u043e","\u0423\u043a\u0443\u043f\u043d\u043e","\u0423\u043a\u0443\u043f\u043d\u043e","\u0423\u043a\u0443\u043f\u043d\u043e","\u0423\u043a\u0443\u043f\u043d\u043e","\u0423\u043a\u0443\u043f\u043d\u043e","\u0423\u043a\u0443\u043f\u043d\u043e","\u0423\u043a\u0443\u043f\u043d\u043e","\u0423\u043a\u0443\u043f\u043d\u043e","\u0423\u043a\u0443\u043f\u043d\u043e","\u0423\u043a\u0443\u043f\u043d\u043e","\u0423\u043a\u0443\u043f\u043d\u043e"],"Value":[87.34998,87.47272,87.59462,87.71558,87.83569,87.95483,88.07303,88.19037,88.30676,88.42222,88.53673,88.65034,88.70229,88.79768,88.81719,88.82513,88.83336,88.84189]}