{"Year":[2000,2001,2002,2003,2004,2005,2006,2007,2008,2009,2010,2011,2012,2013,2014,2015,2016,2017,2018,2019],"SERIES":["DC_TOF_WASHL","DC_TOF_WASHL","DC_TOF_WASHL","DC_TOF_WASHL","DC_TOF_WASHL","DC_TOF_WASHL","DC_TOF_WASHL","DC_TOF_WASHL","DC_TOF_WASHL","DC_TOF_WASHL","DC_TOF_WASHL","DC_TOF_WASHL","DC_TOF_WASHL","DC_TOF_WASHL","DC_TOF_WASHL","DC_TOF_WASHL","DC_TOF_WASHL","DC_TOF_WASHL","DC_TOF_WASHL","DC_TOF_WASHL"],"UNIT_MEASURE":["\u0410\u043c\u0435\u0440\u0438\u0447\u043a\u0438 \u0434\u043e\u043b\u0430\u0440","\u0410\u043c\u0435\u0440\u0438\u0447\u043a\u0438 \u0434\u043e\u043b\u0430\u0440","\u0410\u043c\u0435\u0440\u0438\u0447\u043a\u0438 \u0434\u043e\u043b\u0430\u0440","\u0410\u043c\u0435\u0440\u0438\u0447\u043a\u0438 \u0434\u043e\u043b\u0430\u0440","\u0410\u043c\u0435\u0440\u0438\u0447\u043a\u0438 \u0434\u043e\u043b\u0430\u0440","\u0410\u043c\u0435\u0440\u0438\u0447\u043a\u0438 \u0434\u043e\u043b\u0430\u0440","\u0410\u043c\u0435\u0440\u0438\u0447\u043a\u0438 \u0434\u043e\u043b\u0430\u0440","\u0410\u043c\u0435\u0440\u0438\u0447\u043a\u0438 \u0434\u043e\u043b\u0430\u0440","\u0410\u043c\u0435\u0440\u0438\u0447\u043a\u0438 \u0434\u043e\u043b\u0430\u0440","\u0410\u043c\u0435\u0440\u0438\u0447\u043a\u0438 \u0434\u043e\u043b\u0430\u0440","\u0410\u043c\u0435\u0440\u0438\u0447\u043a\u0438 \u0434\u043e\u043b\u0430\u0440","\u0410\u043c\u0435\u0440\u0438\u0447\u043a\u0438 \u0434\u043e\u043b\u0430\u0440","\u0410\u043c\u0435\u0440\u0438\u0447\u043a\u0438 \u0434\u043e\u043b\u0430\u0440","\u0410\u043c\u0435\u0440\u0438\u0447\u043a\u0438 \u0434\u043e\u043b\u0430\u0440","\u0410\u043c\u0435\u0440\u0438\u0447\u043a\u0438 \u0434\u043e\u043b\u0430\u0440","\u0410\u043c\u0435\u0440\u0438\u0447\u043a\u0438 \u0434\u043e\u043b\u0430\u0440","\u0410\u043c\u0435\u0440\u0438\u0447\u043a\u0438 \u0434\u043e\u043b\u0430\u0440","\u0410\u043c\u0435\u0440\u0438\u0447\u043a\u0438 \u0434\u043e\u043b\u0430\u0440","\u0410\u043c\u0435\u0440\u0438\u0447\u043a\u0438 \u0434\u043e\u043b\u0430\u0440","\u0410\u043c\u0435\u0440\u0438\u0447\u043a\u0438 \u0434\u043e\u043b\u0430\u0440"],"Value":[19.25391,38.22591,9.27921,13.29815,41.17952,19.71537,15.41941,16.22566,14.02434,17.26686,27.68068,42.15723,41.75287,36.43191,42.19864,67.20531,47.88535,48.03964,16.1499,26.67058]}