{"Year":[2003,2004,2005,2006,2007,2008,2009,2012,2013,2014,2015,2016,2017,2018],"SERIES":["GB_XPD_RSDV","GB_XPD_RSDV","GB_XPD_RSDV","GB_XPD_RSDV","GB_XPD_RSDV","GB_XPD_RSDV","GB_XPD_RSDV","GB_XPD_RSDV","GB_XPD_RSDV","GB_XPD_RSDV","GB_XPD_RSDV","GB_XPD_RSDV","GB_XPD_RSDV","GB_XPD_RSDV"],"UNIT_MEASURE":["\u041f\u0440\u043e\u0446\u0435\u043d\u0430\u0442","\u041f\u0440\u043e\u0446\u0435\u043d\u0430\u0442","\u041f\u0440\u043e\u0446\u0435\u043d\u0430\u0442","\u041f\u0440\u043e\u0446\u0435\u043d\u0430\u0442","\u041f\u0440\u043e\u0446\u0435\u043d\u0430\u0442","\u041f\u0440\u043e\u0446\u0435\u043d\u0430\u0442","\u041f\u0440\u043e\u0446\u0435\u043d\u0430\u0442","\u041f\u0440\u043e\u0446\u0435\u043d\u0430\u0442","\u041f\u0440\u043e\u0446\u0435\u043d\u0430\u0442","\u041f\u0440\u043e\u0446\u0435\u043d\u0430\u0442","\u041f\u0440\u043e\u0446\u0435\u043d\u0430\u0442","\u041f\u0440\u043e\u0446\u0435\u043d\u0430\u0442","\u041f\u0440\u043e\u0446\u0435\u043d\u0430\u0442","\u041f\u0440\u043e\u0446\u0435\u043d\u0430\u0442"],"Value":[0.01854,0.01524,0.02697,0.01969,0.02521,0.01842,0.02106,0.26533,0.32132,0.25725,0.2186,0.21594,0.20048,0.1988]}