{"Year":[2000,2010,2015,2016,2017,2018,2019,2020,2000,2010,2015,2016,2017,2018,2019,2020,2020,2010,2015,2016,2017,2018,2019,2020],"SERIES":["\u0160umska povr\u0161ina (hektari)","\u0160umska povr\u0161ina (hektari)","\u0160umska povr\u0161ina (hektari)","\u0160umska povr\u0161ina (hektari)","\u0160umska povr\u0161ina (hektari)","\u0160umska povr\u0161ina (hektari)","\u0160umska povr\u0161ina (hektari)","\u0160umska povr\u0161ina (hektari)","Udio \u0161umske povr\u0161ine u ukupnoj povr\u0161ini zemlji\u0161ta","Udio \u0161umske povr\u0161ine u ukupnoj povr\u0161ini zemlji\u0161ta","Udio \u0161umske povr\u0161ine u ukupnoj povr\u0161ini zemlji\u0161ta","Udio \u0161umske povr\u0161ine u ukupnoj povr\u0161ini zemlji\u0161ta","Udio \u0161umske povr\u0161ine u ukupnoj povr\u0161ini zemlji\u0161ta","Udio \u0161umske povr\u0161ine u ukupnoj povr\u0161ini zemlji\u0161ta","Udio \u0161umske povr\u0161ine u ukupnoj povr\u0161ini zemlji\u0161ta","Udio \u0161umske povr\u0161ine u ukupnoj povr\u0161ini zemlji\u0161ta","Povr\u0161ina zemlji\u0161ta (hektari)","Povr\u0161ina zemlji\u0161ta (hektari)","Povr\u0161ina zemlji\u0161ta (hektari)","Povr\u0161ina zemlji\u0161ta (hektari)","Povr\u0161ina zemlji\u0161ta (hektari)","Povr\u0161ina zemlji\u0161ta (hektari)","Povr\u0161ina zemlji\u0161ta (hektari)","Povr\u0161ina zemlji\u0161ta (hektari)"],"UNIT_MEASURE":["Hiljade hektara","Hiljade hektara","Hiljade hektara","Hiljade hektara","Hiljade hektara","Hiljade hektara","Hiljade hektara","Hiljade hektara","Procenat","Procenat","Procenat","Procenat","Procenat","Procenat","Procenat","Procenat","Hiljade hektara","Hiljade hektara","Hiljade hektara","Hiljade hektara","Hiljade hektara","Hiljade hektara","Hiljade hektara","Hiljade hektara"],"Value":[2111.65,2102.66,2160.5,2176.51,2187.91,2187.91,2187.91,2187.91,41.24316,41.06758,42.19727,42.50996,42.73262,42.73262,42.73262,42.73262,5120.0,5120.0,5120.0,5120.0,5120.0,5120.0,5120.0,5120.0]}