{"data":{"Year":[2000,2001,2002,2003,2004,2005,2006,2007,2008,2009,2010,2011,2012,2013,2014,2015,2016,2017,2018,2019,2020,2021],"SERIES":["DC_ODA_POVLG","DC_ODA_POVLG","DC_ODA_POVLG","DC_ODA_POVLG","DC_ODA_POVLG","DC_ODA_POVLG","DC_ODA_POVLG","DC_ODA_POVLG","DC_ODA_POVLG","DC_ODA_POVLG","DC_ODA_POVLG","DC_ODA_POVLG","DC_ODA_POVLG","DC_ODA_POVLG","DC_ODA_POVLG","DC_ODA_POVLG","DC_ODA_POVLG","DC_ODA_POVLG","DC_ODA_POVLG","DC_ODA_POVLG","DC_ODA_POVLG","DC_ODA_POVLG"],"UNIT_MEASURE":["PT","PT","PT","PT","PT","PT","PT","PT","PT","PT","PT","PT","PT","PT","PT","PT","PT","PT","PT","PT","PT","PT"],"Value":[0.50427,0.93124,0.13716,0.25946,0.23325,0.1206,0.14395,0.10573,0.0942,0.06307,0.14942,0.18138,0.27539,0.16629,0.09827,0.26381,0.16298,0.1349,0.07716,0.1002,0.13386,0.3118]},"edges":[]}