{"data":{"Year":[2000,2001,2002,2003,2004,2005,2006,2007,2008,2009,2010,2011,2012,2013,2014,2015,2016,2017,2018,2019,2020,2000,2001,2002,2003,2004,2005,2006,2007,2008,2009,2010,2011,2012,2013,2014,2015,2016,2017,2018,2019,2020],"SERIES":["ER_PTD_FRHWTR","ER_PTD_FRHWTR","ER_PTD_FRHWTR","ER_PTD_FRHWTR","ER_PTD_FRHWTR","ER_PTD_FRHWTR","ER_PTD_FRHWTR","ER_PTD_FRHWTR","ER_PTD_FRHWTR","ER_PTD_FRHWTR","ER_PTD_FRHWTR","ER_PTD_FRHWTR","ER_PTD_FRHWTR","ER_PTD_FRHWTR","ER_PTD_FRHWTR","ER_PTD_FRHWTR","ER_PTD_FRHWTR","ER_PTD_FRHWTR","ER_PTD_FRHWTR","ER_PTD_FRHWTR","ER_PTD_FRHWTR","ER_PTD_TERR","ER_PTD_TERR","ER_PTD_TERR","ER_PTD_TERR","ER_PTD_TERR","ER_PTD_TERR","ER_PTD_TERR","ER_PTD_TERR","ER_PTD_TERR","ER_PTD_TERR","ER_PTD_TERR","ER_PTD_TERR","ER_PTD_TERR","ER_PTD_TERR","ER_PTD_TERR","ER_PTD_TERR","ER_PTD_TERR","ER_PTD_TERR","ER_PTD_TERR","ER_PTD_TERR","ER_PTD_TERR"],"UNIT_MEASURE":["PT","PT","PT","PT","PT","PT","PT","PT","PT","PT","PT","PT","PT","PT","PT","PT","PT","PT","PT","PT","PT","PT","PT","PT","PT","PT","PT","PT","PT","PT","PT","PT","PT","PT","PT","PT","PT","PT","PT","PT","PT","PT"],"Value":[33.29165,33.29165,33.29165,33.29165,33.29165,33.29165,33.29165,66.62498,99.95832,99.95832,99.95832,99.95832,99.95832,99.95832,99.95832,99.95832,99.95832,99.95832,99.95832,99.95832,99.95832,10.69048,10.69048,10.69048,10.69048,10.69048,10.69048,10.69048,19.78139,28.8723,28.8723,28.8723,28.99239,28.99239,28.99239,28.99239,28.99239,28.99239,28.99239,28.99239,28.99239,28.99239]},"edges":[]}