{"data":{"Year":[2000,2001,2002,2003,2004,2005,2006,2007,2008,2009,2010,2011,2012,2013,2014,2015,2016,2017,2018,2019,2000,2001,2002,2003,2004,2005,2006,2007,2008,2009,2010,2011,2012,2013,2014,2015,2016,2017,2018,2019],"SERIES":["ER_PTD_FRHWTR","ER_PTD_FRHWTR","ER_PTD_FRHWTR","ER_PTD_FRHWTR","ER_PTD_FRHWTR","ER_PTD_FRHWTR","ER_PTD_FRHWTR","ER_PTD_FRHWTR","ER_PTD_FRHWTR","ER_PTD_FRHWTR","ER_PTD_FRHWTR","ER_PTD_FRHWTR","ER_PTD_FRHWTR","ER_PTD_FRHWTR","ER_PTD_FRHWTR","ER_PTD_FRHWTR","ER_PTD_FRHWTR","ER_PTD_FRHWTR","ER_PTD_FRHWTR","ER_PTD_FRHWTR","ER_PTD_TERR","ER_PTD_TERR","ER_PTD_TERR","ER_PTD_TERR","ER_PTD_TERR","ER_PTD_TERR","ER_PTD_TERR","ER_PTD_TERR","ER_PTD_TERR","ER_PTD_TERR","ER_PTD_TERR","ER_PTD_TERR","ER_PTD_TERR","ER_PTD_TERR","ER_PTD_TERR","ER_PTD_TERR","ER_PTD_TERR","ER_PTD_TERR","ER_PTD_TERR","ER_PTD_TERR"],"UNIT_MEASURE":["PT","PT","PT","PT","PT","PT","PT","PT","PT","PT","PT","PT","PT","PT","PT","PT","PT","PT","PT","PT","PT","PT","PT","PT","PT","PT","PT","PT","PT","PT","PT","PT","PT","PT","PT","PT","PT","PT","PT","PT"],"Value":[0.0,0.0,0.0,0.0,0.0,0.0,0.0,33.33333,66.66666,66.66666,66.66666,66.66666,66.66666,66.66666,66.66666,66.66666,66.66666,66.66666,66.66666,66.66666,0.0,0.0,0.0,0.0,0.0,0.0,0.0,9.09091,18.18182,18.18182,18.18182,18.18182,18.18182,18.18182,18.18182,18.18182,18.18182,18.18182,18.18182,18.18182]},"edges":[]}