{"data":{"Year":[2008,2009,2010,2011,2012,2013,2014,2015,2016,2017,2018,2019,2020,2021,2022],"SERIES":["ER_PTD_MTN","ER_PTD_MTN","ER_PTD_MTN","ER_PTD_MTN","ER_PTD_MTN","ER_PTD_MTN","ER_PTD_MTN","ER_PTD_MTN","ER_PTD_MTN","ER_PTD_MTN","ER_PTD_MTN","ER_PTD_MTN","ER_PTD_MTN","ER_PTD_MTN","ER_PTD_MTN"],"UNIT_MEASURE":["PT","PT","PT","PT","PT","PT","PT","PT","PT","PT","PT","PT","PT","PT","PT"],"Value":[14.28571,14.28571,14.28571,14.47443,14.47443,14.47443,14.47443,14.47443,14.47443,14.47443,14.47443,14.47443,27.2773,27.2773,27.2773]},"edges":[]}