{"data":{"Year":[2017,2017,2017],"SERIES":["ER_MTN_GRNCVI","ER_MTN_TOTL","ER_MTN_GRNCOV"],"UNIT_MEASURE":["IX","KM2","KM2"],"Value":[94.405594,36.4415446484,34.4028568359]},"edges":[]}