{"data":{"Year":[2000,2001,2002,2003,2004,2005,2006,2007,2008,2009,2010,2011,2012,2013,2014,2015,2016,2017,2018,2019,2020,2021],"SERIES":["ER_RSK_LST","ER_RSK_LST","ER_RSK_LST","ER_RSK_LST","ER_RSK_LST","ER_RSK_LST","ER_RSK_LST","ER_RSK_LST","ER_RSK_LST","ER_RSK_LST","ER_RSK_LST","ER_RSK_LST","ER_RSK_LST","ER_RSK_LST","ER_RSK_LST","ER_RSK_LST","ER_RSK_LST","ER_RSK_LST","ER_RSK_LST","ER_RSK_LST","ER_RSK_LST","ER_RSK_LST"],"UNIT_MEASURE":["IX","IX","IX","IX","IX","IX","IX","IX","IX","IX","IX","IX","IX","IX","IX","IX","IX","IX","IX","IX","IX","IX"],"Value":[0.8994,0.8992,0.8992,0.8992,0.89917,0.8992,0.8992,0.89927,0.89931,0.89934,0.89936,0.89941,0.89945,0.89948,0.89951,0.8995,0.8996,0.8996,0.8996,0.8997,0.8997,0.8997]},"edges":[]}