{"data":{"Year":[2003,2004,2005,2006,2007,2008,2009,2010,2011,2012,2013,2014,2015,2016,2017,2018,2019,2020,2021],"SERIES":["GC_GOB_TAXD","GC_GOB_TAXD","GC_GOB_TAXD","GC_GOB_TAXD","GC_GOB_TAXD","GC_GOB_TAXD","GC_GOB_TAXD","GC_GOB_TAXD","GC_GOB_TAXD","GC_GOB_TAXD","GC_GOB_TAXD","GC_GOB_TAXD","GC_GOB_TAXD","GC_GOB_TAXD","GC_GOB_TAXD","GC_GOB_TAXD","GC_GOB_TAXD","GC_GOB_TAXD","GC_GOB_TAXD"],"UNIT_MEASURE":["PT","PT","PT","PT","PT","PT","PT","PT","PT","PT","PT","PT","PT","PT","PT","PT","PT","PT","PT"],"Value":[83.47171,86.24788,59.63647,61.56456,57.82445,51.96723,46.89452,49.15388,51.64659,50.37305,49.38217,48.5627,53.03225,54.53435,56.92052,56.81212,56.38951,45.70763,53.0608]},"edges":[]}