{"data":{"Year":[2000,2001,2002,2003,2004,2005,2006,2007,2008,2009,2010,2011,2012,2013,2014,2015,2016,2017,2018],"SERIES":["DC_TOF_HLTHL","DC_TOF_HLTHL","DC_TOF_HLTHL","DC_TOF_HLTHL","DC_TOF_HLTHL","DC_TOF_HLTHL","DC_TOF_HLTHL","DC_TOF_HLTHL","DC_TOF_HLTHL","DC_TOF_HLTHL","DC_TOF_HLTHL","DC_TOF_HLTHL","DC_TOF_HLTHL","DC_TOF_HLTHL","DC_TOF_HLTHL","DC_TOF_HLTHL","DC_TOF_HLTHL","DC_TOF_HLTHL","DC_TOF_HLTHL"],"UNIT_MEASURE":["USD","USD","USD","USD","USD","USD","USD","USD","USD","USD","USD","USD","USD","USD","USD","USD","USD","USD","USD"],"Value":[9.0118,5.34383,5.43791,9.14858,4.57769,4.83248,18.16482,11.42505,6.98618,2.61981,7.80168,6.04845,6.62092,5.5622,10.99833,5.19602,37.98346,36.07086,13.08596]},"edges":[]}