{"data":{"Year":[2006,2007,2008,2009,2010,2011,2012,2014,2016,2006,2007,2008,2010,2011,2012,2016,2006,2007,2008,2010,2011,2012,2016],"SERIES":["SE_ADT_EDUCTRN","SE_ADT_EDUCTRN","SE_ADT_EDUCTRN","SE_ADT_EDUCTRN","SE_ADT_EDUCTRN","SE_ADT_EDUCTRN","SE_ADT_EDUCTRN","SE_ADT_EDUCTRN","SE_ADT_EDUCTRN","SE_ADT_EDUCTRN","SE_ADT_EDUCTRN","SE_ADT_EDUCTRN","SE_ADT_EDUCTRN","SE_ADT_EDUCTRN","SE_ADT_EDUCTRN","SE_ADT_EDUCTRN","SE_ADT_EDUCTRN","SE_ADT_EDUCTRN","SE_ADT_EDUCTRN","SE_ADT_EDUCTRN","SE_ADT_EDUCTRN","SE_ADT_EDUCTRN","SE_ADT_EDUCTRN"],"UNIT_MEASURE":["PT","PT","PT","PT","PT","PT","PT","PT","PT","PT","PT","PT","PT","PT","PT","PT","PT","PT","PT","PT","PT","PT","PT"],"SEX":["_T","_T","_T","_T","_T","_T","_T","_T","_T","F","F","F","F","F","F","F","M","M","M","M","M","M","M"],"Value":[2.1777810169,2.1576681618,2.1307555041,1.9090199562,2.1127285693,2.1818373861,2.2376124736,1.7441846602,8.7,2.0255740879,2.035386057,2.1546433503,2.1546433503,2.1350442795,2.3016941601,8.5,2.2924096414,2.282626129,2.0211364831,2.1734223817,2.1566845456,2.1729701042,8.9]},"edges":[]}