{"data":{"Year":[2000,2001,2002,2003,2004,2005,2006,2007,2008,2009,2010,2011,2012,2013,2014,2015,2016,2017,2018],"SERIES":["DC_TRF_TOTL","DC_TRF_TOTL","DC_TRF_TOTL","DC_TRF_TOTL","DC_TRF_TOTL","DC_TRF_TOTL","DC_TRF_TOTL","DC_TRF_TOTL","DC_TRF_TOTL","DC_TRF_TOTL","DC_TRF_TOTL","DC_TRF_TOTL","DC_TRF_TOTL","DC_TRF_TOTL","DC_TRF_TOTL","DC_TRF_TOTL","DC_TRF_TOTL","DC_TRF_TOTL","DC_TRF_TOTL"],"UNIT_MEASURE":["\u0410\u043c\u0435\u0440\u0438\u0447\u043a\u0438 \u0434\u043e\u043b\u0430\u0440","\u0410\u043c\u0435\u0440\u0438\u0447\u043a\u0438 \u0434\u043e\u043b\u0430\u0440","\u0410\u043c\u0435\u0440\u0438\u0447\u043a\u0438 \u0434\u043e\u043b\u0430\u0440","\u0410\u043c\u0435\u0440\u0438\u0447\u043a\u0438 \u0434\u043e\u043b\u0430\u0440","\u0410\u043c\u0435\u0440\u0438\u0447\u043a\u0438 \u0434\u043e\u043b\u0430\u0440","\u0410\u043c\u0435\u0440\u0438\u0447\u043a\u0438 \u0434\u043e\u043b\u0430\u0440","\u0410\u043c\u0435\u0440\u0438\u0447\u043a\u0438 \u0434\u043e\u043b\u0430\u0440","\u0410\u043c\u0435\u0440\u0438\u0447\u043a\u0438 \u0434\u043e\u043b\u0430\u0440","\u0410\u043c\u0435\u0440\u0438\u0447\u043a\u0438 \u0434\u043e\u043b\u0430\u0440","\u0410\u043c\u0435\u0440\u0438\u0447\u043a\u0438 \u0434\u043e\u043b\u0430\u0440","\u0410\u043c\u0435\u0440\u0438\u0447\u043a\u0438 \u0434\u043e\u043b\u0430\u0440","\u0410\u043c\u0435\u0440\u0438\u0447\u043a\u0438 \u0434\u043e\u043b\u0430\u0440","\u0410\u043c\u0435\u0440\u0438\u0447\u043a\u0438 \u0434\u043e\u043b\u0430\u0440","\u0410\u043c\u0435\u0440\u0438\u0447\u043a\u0438 \u0434\u043e\u043b\u0430\u0440","\u0410\u043c\u0435\u0440\u0438\u0447\u043a\u0438 \u0434\u043e\u043b\u0430\u0440","\u0410\u043c\u0435\u0440\u0438\u0447\u043a\u0438 \u0434\u043e\u043b\u0430\u0440","\u0410\u043c\u0435\u0440\u0438\u0447\u043a\u0438 \u0434\u043e\u043b\u0430\u0440","\u0410\u043c\u0435\u0440\u0438\u0447\u043a\u0438 \u0434\u043e\u043b\u0430\u0440","\u0410\u043c\u0435\u0440\u0438\u0447\u043a\u0438 \u0434\u043e\u043b\u0430\u0440"],"Value":[946.25,713.85,709.46,644.87,956.02667,731.17263,1195.74263,1280.61466,1294.87862,579.80176,935.87909,668.26576,1090.97392,985.55918,551.3962,945.58982,655.59926,1007.58078,751.82054]},"edges":[]}