{"data":{"Year":[2016,2016],"SERIES":["EN_ATM_PM25","EN_ATM_PM25"],"UNIT_MEASURE":["\u041c\u0438\u043a\u0440\u043e\u0433\u0440\u0430\u043c\u0438 \u043f\u043e \u043a\u0443\u0431\u043d\u043e\u043c \u043c\u0435\u0442\u0440\u0443","\u041c\u0438\u043a\u0440\u043e\u0433\u0440\u0430\u043c\u0438 \u043f\u043e \u043a\u0443\u0431\u043d\u043e\u043c \u043c\u0435\u0442\u0440\u0443"],"\u0421\u0442\u0435\u043f\u0435\u043d \u0443\u0440\u0431\u0430\u043d\u0438\u0437\u0430\u0446\u0438\u0458\u0435":["\u0423\u043a\u0443\u043f\u043d\u043e","\u0423\u0440\u0431\u0430\u043d\u043e"],"Value":[27.2516880035,29.7395954132]},"edges":[]}