{"data":{"Year":[2000,2001,2002,2003,2004,2005,2006,2007,2008,2009,2010,2011,2012,2013,2014],"SERIES":["EN_ATM_GHGT_NAIP","EN_ATM_GHGT_NAIP","EN_ATM_GHGT_NAIP","EN_ATM_GHGT_NAIP","EN_ATM_GHGT_NAIP","EN_ATM_GHGT_NAIP","EN_ATM_GHGT_NAIP","EN_ATM_GHGT_NAIP","EN_ATM_GHGT_NAIP","EN_ATM_GHGT_NAIP","EN_ATM_GHGT_NAIP","EN_ATM_GHGT_NAIP","EN_ATM_GHGT_NAIP","EN_ATM_GHGT_NAIP","EN_ATM_GHGT_NAIP"],"UNIT_MEASURE":["\u041c\u0438\u043b\u0438\u043e\u043d \u0442\u043e\u043d\u0430 \u0435\u043a\u0432\u0438\u0432\u0430\u043b\u0435\u043d\u0442\u0430 CO2","\u041c\u0438\u043b\u0438\u043e\u043d \u0442\u043e\u043d\u0430 \u0435\u043a\u0432\u0438\u0432\u0430\u043b\u0435\u043d\u0442\u0430 CO2","\u041c\u0438\u043b\u0438\u043e\u043d \u0442\u043e\u043d\u0430 \u0435\u043a\u0432\u0438\u0432\u0430\u043b\u0435\u043d\u0442\u0430 CO2","\u041c\u0438\u043b\u0438\u043e\u043d \u0442\u043e\u043d\u0430 \u0435\u043a\u0432\u0438\u0432\u0430\u043b\u0435\u043d\u0442\u0430 CO2","\u041c\u0438\u043b\u0438\u043e\u043d \u0442\u043e\u043d\u0430 \u0435\u043a\u0432\u0438\u0432\u0430\u043b\u0435\u043d\u0442\u0430 CO2","\u041c\u0438\u043b\u0438\u043e\u043d \u0442\u043e\u043d\u0430 \u0435\u043a\u0432\u0438\u0432\u0430\u043b\u0435\u043d\u0442\u0430 CO2","\u041c\u0438\u043b\u0438\u043e\u043d \u0442\u043e\u043d\u0430 \u0435\u043a\u0432\u0438\u0432\u0430\u043b\u0435\u043d\u0442\u0430 CO2","\u041c\u0438\u043b\u0438\u043e\u043d \u0442\u043e\u043d\u0430 \u0435\u043a\u0432\u0438\u0432\u0430\u043b\u0435\u043d\u0442\u0430 CO2","\u041c\u0438\u043b\u0438\u043e\u043d \u0442\u043e\u043d\u0430 \u0435\u043a\u0432\u0438\u0432\u0430\u043b\u0435\u043d\u0442\u0430 CO2","\u041c\u0438\u043b\u0438\u043e\u043d \u0442\u043e\u043d\u0430 \u0435\u043a\u0432\u0438\u0432\u0430\u043b\u0435\u043d\u0442\u0430 CO2","\u041c\u0438\u043b\u0438\u043e\u043d \u0442\u043e\u043d\u0430 \u0435\u043a\u0432\u0438\u0432\u0430\u043b\u0435\u043d\u0442\u0430 CO2","\u041c\u0438\u043b\u0438\u043e\u043d \u0442\u043e\u043d\u0430 \u0435\u043a\u0432\u0438\u0432\u0430\u043b\u0435\u043d\u0442\u0430 CO2","\u041c\u0438\u043b\u0438\u043e\u043d \u0442\u043e\u043d\u0430 \u0435\u043a\u0432\u0438\u0432\u0430\u043b\u0435\u043d\u0442\u0430 CO2","\u041c\u0438\u043b\u0438\u043e\u043d \u0442\u043e\u043d\u0430 \u0435\u043a\u0432\u0438\u0432\u0430\u043b\u0435\u043d\u0442\u0430 CO2","\u041c\u0438\u043b\u0438\u043e\u043d \u0442\u043e\u043d\u0430 \u0435\u043a\u0432\u0438\u0432\u0430\u043b\u0435\u043d\u0442\u0430 CO2"],"Value":[15.24948,16.11846,16.08008,16.43675,17.45184,16.46155,18.72169,18.7885,20.3794,23.78287,25.7402,28.10784,21.81644,24.029,25.74]},"edges":[]}