{"data":{"Year":[2011,2013,2015,2017],"SERIES":["EN_SCP_FSHGDP","EN_SCP_FSHGDP","EN_SCP_FSHGDP","EN_SCP_FSHGDP"],"UNIT_MEASURE":["\u041f\u0440\u043e\u0446\u0435\u043d\u0430\u0442","\u041f\u0440\u043e\u0446\u0435\u043d\u0430\u0442","\u041f\u0440\u043e\u0446\u0435\u043d\u0430\u0442","\u041f\u0440\u043e\u0446\u0435\u043d\u0430\u0442"],"Value":[0.00002,0.00002,0.00001,0.00001]},"edges":[]}