{"data":{"Year":[2000,2010,2015,2016,2017,2018,2019,2020,2000,2010,2015,2016,2017,2018,2019,2020,2015],"SERIES":["AG_LND_FRSTN","AG_LND_FRSTN","AG_LND_FRSTN","AG_LND_FRSTN","AG_LND_FRSTN","AG_LND_FRSTN","AG_LND_FRSTN","AG_LND_FRSTN","AG_LND_FRST","AG_LND_FRST","AG_LND_FRST","AG_LND_FRST","AG_LND_FRST","AG_LND_FRST","AG_LND_FRST","AG_LND_FRST","AG_LND_TOTL"],"UNIT_MEASURE":["\u0425\u0438\u0459\u0430\u0434\u0435 \u0445\u0435\u043a\u0442\u0430\u0440\u0430","\u0425\u0438\u0459\u0430\u0434\u0435 \u0445\u0435\u043a\u0442\u0430\u0440\u0430","\u0425\u0438\u0459\u0430\u0434\u0435 \u0445\u0435\u043a\u0442\u0430\u0440\u0430","\u0425\u0438\u0459\u0430\u0434\u0435 \u0445\u0435\u043a\u0442\u0430\u0440\u0430","\u0425\u0438\u0459\u0430\u0434\u0435 \u0445\u0435\u043a\u0442\u0430\u0440\u0430","\u0425\u0438\u0459\u0430\u0434\u0435 \u0445\u0435\u043a\u0442\u0430\u0440\u0430","\u0425\u0438\u0459\u0430\u0434\u0435 \u0445\u0435\u043a\u0442\u0430\u0440\u0430","\u0425\u0438\u0459\u0430\u0434\u0435 \u0445\u0435\u043a\u0442\u0430\u0440\u0430","\u041f\u0440\u043e\u0446\u0435\u043d\u0430\u0442","\u041f\u0440\u043e\u0446\u0435\u043d\u0430\u0442","\u041f\u0440\u043e\u0446\u0435\u043d\u0430\u0442","\u041f\u0440\u043e\u0446\u0435\u043d\u0430\u0442","\u041f\u0440\u043e\u0446\u0435\u043d\u0430\u0442","\u041f\u0440\u043e\u0446\u0435\u043d\u0430\u0442","\u041f\u0440\u043e\u0446\u0435\u043d\u0430\u0442","\u041f\u0440\u043e\u0446\u0435\u043d\u0430\u0442","\u0425\u0438\u0459\u0430\u0434\u0435 \u0445\u0435\u043a\u0442\u0430\u0440\u0430"],"Value":[2111.65,2102.66,2160.5,2176.51,2187.91,2187.91,2187.91,2187.91,41.2431640625,41.067578125,42.197265625,42.5099609375,42.7326171875,42.7326171875,42.7326171875,42.7326171875,5120.0]},"edges":[]}