{"data":{"Year":[2000,2001,2002,2003,2004,2005,2006,2007,2008,2009,2010,2011,2012,2013,2014,2015,2016,2017,2018,2019,2020],"SERIES":["ER_PTD_MTN","ER_PTD_MTN","ER_PTD_MTN","ER_PTD_MTN","ER_PTD_MTN","ER_PTD_MTN","ER_PTD_MTN","ER_PTD_MTN","ER_PTD_MTN","ER_PTD_MTN","ER_PTD_MTN","ER_PTD_MTN","ER_PTD_MTN","ER_PTD_MTN","ER_PTD_MTN","ER_PTD_MTN","ER_PTD_MTN","ER_PTD_MTN","ER_PTD_MTN","ER_PTD_MTN","ER_PTD_MTN"],"UNIT_MEASURE":["\u041f\u0440\u043e\u0446\u0435\u043d\u0430\u0442","\u041f\u0440\u043e\u0446\u0435\u043d\u0430\u0442","\u041f\u0440\u043e\u0446\u0435\u043d\u0430\u0442","\u041f\u0440\u043e\u0446\u0435\u043d\u0430\u0442","\u041f\u0440\u043e\u0446\u0435\u043d\u0430\u0442","\u041f\u0440\u043e\u0446\u0435\u043d\u0430\u0442","\u041f\u0440\u043e\u0446\u0435\u043d\u0430\u0442","\u041f\u0440\u043e\u0446\u0435\u043d\u0430\u0442","\u041f\u0440\u043e\u0446\u0435\u043d\u0430\u0442","\u041f\u0440\u043e\u0446\u0435\u043d\u0430\u0442","\u041f\u0440\u043e\u0446\u0435\u043d\u0430\u0442","\u041f\u0440\u043e\u0446\u0435\u043d\u0430\u0442","\u041f\u0440\u043e\u0446\u0435\u043d\u0430\u0442","\u041f\u0440\u043e\u0446\u0435\u043d\u0430\u0442","\u041f\u0440\u043e\u0446\u0435\u043d\u0430\u0442","\u041f\u0440\u043e\u0446\u0435\u043d\u0430\u0442","\u041f\u0440\u043e\u0446\u0435\u043d\u0430\u0442","\u041f\u0440\u043e\u0446\u0435\u043d\u0430\u0442","\u041f\u0440\u043e\u0446\u0435\u043d\u0430\u0442","\u041f\u0440\u043e\u0446\u0435\u043d\u0430\u0442","\u041f\u0440\u043e\u0446\u0435\u043d\u0430\u0442"],"Value":[0.0,0.0,0.0,0.0,0.0,0.0,0.0,0.0,14.28571,14.28571,14.28571,14.47443,14.47443,14.47443,14.47443,14.47443,14.47443,14.47443,14.47443,14.47443,14.47443]},"edges":[]}