{"data":{"Year":[2009,2013],"SERIES":["IC_FRM_BRIB","IC_FRM_BRIB"],"UNIT_MEASURE":["\u041f\u0440\u043e\u0446\u0435\u043d\u0430\u0442","\u041f\u0440\u043e\u0446\u0435\u043d\u0430\u0442"],"Value":[10.18887,10.65984]},"edges":[]}