{"data":{"Year":[2006,2007,2008,2009,2010,2011,2012,2013,2014,2015,2016,2017,2018],"SERIES":["DC_TOF_SCHIPSL","DC_TOF_SCHIPSL","DC_TOF_SCHIPSL","DC_TOF_SCHIPSL","DC_TOF_SCHIPSL","DC_TOF_SCHIPSL","DC_TOF_SCHIPSL","DC_TOF_SCHIPSL","DC_TOF_SCHIPSL","DC_TOF_SCHIPSL","DC_TOF_SCHIPSL","DC_TOF_SCHIPSL","DC_TOF_SCHIPSL"],"UNIT_MEASURE":["\u0410\u043c\u0435\u0440\u0438\u0447\u043a\u0438 \u0434\u043e\u043b\u0430\u0440","\u0410\u043c\u0435\u0440\u0438\u0447\u043a\u0438 \u0434\u043e\u043b\u0430\u0440","\u0410\u043c\u0435\u0440\u0438\u0447\u043a\u0438 \u0434\u043e\u043b\u0430\u0440","\u0410\u043c\u0435\u0440\u0438\u0447\u043a\u0438 \u0434\u043e\u043b\u0430\u0440","\u0410\u043c\u0435\u0440\u0438\u0447\u043a\u0438 \u0434\u043e\u043b\u0430\u0440","\u0410\u043c\u0435\u0440\u0438\u0447\u043a\u0438 \u0434\u043e\u043b\u0430\u0440","\u0410\u043c\u0435\u0440\u0438\u0447\u043a\u0438 \u0434\u043e\u043b\u0430\u0440","\u0410\u043c\u0435\u0440\u0438\u0447\u043a\u0438 \u0434\u043e\u043b\u0430\u0440","\u0410\u043c\u0435\u0440\u0438\u0447\u043a\u0438 \u0434\u043e\u043b\u0430\u0440","\u0410\u043c\u0435\u0440\u0438\u0447\u043a\u0438 \u0434\u043e\u043b\u0430\u0440","\u0410\u043c\u0435\u0440\u0438\u0447\u043a\u0438 \u0434\u043e\u043b\u0430\u0440","\u0410\u043c\u0435\u0440\u0438\u0447\u043a\u0438 \u0434\u043e\u043b\u0430\u0440","\u0410\u043c\u0435\u0440\u0438\u0447\u043a\u0438 \u0434\u043e\u043b\u0430\u0440"],"Value":[0.38408,0.3329,0.89253,0.88486,1.24943,1.448,1.59065,2.09509,1.91961,2.17373,1.74679,2.80534,4.06615]},"edges":[]}