{"data":{"Year":[2010,2011,2012,2013,2014,2015,2016,2017,2018,2019,2010,2011,2012,2013,2014,2015,2016,2017,2018,2019],"SERIES":[" ER_H2O_WUEYST"," ER_H2O_WUEYST"," ER_H2O_WUEYST"," ER_H2O_WUEYST"," ER_H2O_WUEYST"," ER_H2O_WUEYST"," ER_H2O_WUEYST"," ER_H2O_WUEYST"," ER_H2O_WUEYST"," ER_H2O_WUEYST"," ER_H2O_WUEYST"," ER_H2O_WUEYST"," ER_H2O_WUEYST"," ER_H2O_WUEYST"," ER_H2O_WUEYST"," ER_H2O_WUEYST"," ER_H2O_WUEYST"," ER_H2O_WUEYST"," ER_H2O_WUEYST"," ER_H2O_WUEYST"],"UNIT_MEASURE":[" USD/m3"," USD/m3"," USD/m3"," USD/m3"," USD/m3"," USD/m3"," USD/m3"," USD/m3"," USD/m3"," USD/m3"," USD/m3"," USD/m3"," USD/m3"," USD/m3"," USD/m3"," USD/m3"," USD/m3"," USD/m3"," USD/m3"," USD/m3"],"\u041f\u0440\u0438\u0432\u0440\u0435\u0434\u043d\u0430 \u0430\u043a\u0442\u0438\u0432\u043d\u043e\u0441\u0442":[" INDUSTRIES"," INDUSTRIES"," INDUSTRIES"," INDUSTRIES"," INDUSTRIES"," INDUSTRIES"," INDUSTRIES"," INDUSTRIES"," INDUSTRIES"," INDUSTRIES"," ISIC4_GTT"," ISIC4_GTT"," ISIC4_GTT"," ISIC4_GTT"," ISIC4_GTT"," ISIC4_GTT"," ISIC4_GTT"," ISIC4_GTT"," ISIC4_GTT"," ISIC4_GTT"],"Value":[59.14845,44.81407,35.34807,35.1687,44.59947,47.82634,45.71684,46.05902,43.40114,72.97611,25.02264,25.9176,26.05457,26.93413,28.40254,28.80888,28.47763,28.93954,33.87362,35.06756]},"edges":[]}