Year,SERIES,UNIT_MEASURE,Value
2018,SG_PLN_REPOLRES,PT,33.8574563463529
2018,SG_PLN_RECNDI,PT,53.4246563911437
2018,SG_PLN_RECRICTRY,PT,22.8977277874946
2018,SG_PLN_RECRIMON,PT,25.2499848604202
