Year,SERIES,UNIT_MEASURE,Spol,Vrsta vještina,Godine,Stupanj urbanizacije,Value
2017,Udio mladih i odraslih sa vještinama u informacijskim i komunikacijskim tehnologijama (IKT),Postotak,Oba spola ili bez podjele po spolu,Korištenje osnovnih aritmetičkih formula u proračunskoj tablici,15 do 24 godine,Sva područja,25.3
2019,Udio mladih i odraslih sa vještinama u informacijskim i komunikacijskim tehnologijama (IKT),Postotak,Oba spola ili bez podjele po spolu,Korištenje osnovnih aritmetičkih formula u proračunskoj tablici,15 do 24 godine,Sva područja,15.7
2017,Udio mladih i odraslih sa vještinama u informacijskim i komunikacijskim tehnologijama (IKT),Postotak,Žene,Korištenje osnovnih aritmetičkih formula u proračunskoj tablici,15 do 24 godine,Sva područja,28.3
2019,Udio mladih i odraslih sa vještinama u informacijskim i komunikacijskim tehnologijama (IKT),Postotak,Žene,Korištenje osnovnih aritmetičkih formula u proračunskoj tablici,15 do 24 godine,Sva područja,19.2
2017,Udio mladih i odraslih sa vještinama u informacijskim i komunikacijskim tehnologijama (IKT),Postotak,Muškarci,Korištenje osnovnih aritmetičkih formula u proračunskoj tablici,15 do 24 godine,Sva područja,22.8
2019,Udio mladih i odraslih sa vještinama u informacijskim i komunikacijskim tehnologijama (IKT),Postotak,Muškarci,Korištenje osnovnih aritmetičkih formula u proračunskoj tablici,15 do 24 godine,Sva područja,14.4
2017,Udio mladih i odraslih sa vještinama u informacijskim i komunikacijskim tehnologijama (IKT),Postotak,Oba spola ili bez podjele po spolu,Korištenje alata za kopiranje i lijepljenje za dupliciranje ili premještanje informacija unutar dokumenta,15 do 24 godine,Sva područja,60.9
2019,Udio mladih i odraslih sa vještinama u informacijskim i komunikacijskim tehnologijama (IKT),Postotak,Oba spola ili bez podjele po spolu,Korištenje alata za kopiranje i lijepljenje za dupliciranje ili premještanje informacija unutar dokumenta,15 do 24 godine,Sva područja,58.7
2021,Udio mladih i odraslih sa vještinama u informacijskim i komunikacijskim tehnologijama (IKT),Postotak,Oba spola ili bez podjele po spolu,Korištenje alata za kopiranje i lijepljenje za dupliciranje ili premještanje informacija unutar dokumenta,15 do 24 godine,Sva područja,75.1
2023,Udio mladih i odraslih sa vještinama u informacijskim i komunikacijskim tehnologijama (IKT),Postotak,Oba spola ili bez podjele po spolu,Korištenje alata za kopiranje i lijepljenje za dupliciranje ili premještanje informacija unutar dokumenta,15 do 24 godine,Sva područja,88.5
2017,Udio mladih i odraslih sa vještinama u informacijskim i komunikacijskim tehnologijama (IKT),Postotak,Žene,Korištenje alata za kopiranje i lijepljenje za dupliciranje ili premještanje informacija unutar dokumenta,15 do 24 godine,Sva područja,60.9
2019,Udio mladih i odraslih sa vještinama u informacijskim i komunikacijskim tehnologijama (IKT),Postotak,Žene,Korištenje alata za kopiranje i lijepljenje za dupliciranje ili premještanje informacija unutar dokumenta,15 do 24 godine,Sva područja,58.7
2021,Udio mladih i odraslih sa vještinama u informacijskim i komunikacijskim tehnologijama (IKT),Postotak,Žene,Korištenje alata za kopiranje i lijepljenje za dupliciranje ili premještanje informacija unutar dokumenta,15 do 24 godine,Sva područja,74.3
2023,Udio mladih i odraslih sa vještinama u informacijskim i komunikacijskim tehnologijama (IKT),Postotak,Žene,Korištenje alata za kopiranje i lijepljenje za dupliciranje ili premještanje informacija unutar dokumenta,15 do 24 godine,Sva područja,89.7
2017,Udio mladih i odraslih sa vještinama u informacijskim i komunikacijskim tehnologijama (IKT),Postotak,Muškarci,Korištenje alata za kopiranje i lijepljenje za dupliciranje ili premještanje informacija unutar dokumenta,15 do 24 godine,Sva područja,59.2
2019,Udio mladih i odraslih sa vještinama u informacijskim i komunikacijskim tehnologijama (IKT),Postotak,Muškarci,Korištenje alata za kopiranje i lijepljenje za dupliciranje ili premještanje informacija unutar dokumenta,15 do 24 godine,Sva područja,58.7
2021,Udio mladih i odraslih sa vještinama u informacijskim i komunikacijskim tehnologijama (IKT),Postotak,Muškarci,Korištenje alata za kopiranje i lijepljenje za dupliciranje ili premještanje informacija unutar dokumenta,15 do 24 godine,Sva područja,76.1
2023,Udio mladih i odraslih sa vještinama u informacijskim i komunikacijskim tehnologijama (IKT),Postotak,Muškarci,Korištenje alata za kopiranje i lijepljenje za dupliciranje ili premještanje informacija unutar dokumenta,15 do 24 godine,Sva područja,87.7
2017,Udio mladih i odraslih sa vještinama u informacijskim i komunikacijskim tehnologijama (IKT),Postotak,Oba spola ili bez podjele po spolu,"Čitanje ili preuzimanje on-line novina, časopisa ili elektroničkih knjiga",15 do 24 godine,Sva područja,6.1
2019,Udio mladih i odraslih sa vještinama u informacijskim i komunikacijskim tehnologijama (IKT),Postotak,Oba spola ili bez podjele po spolu,"Čitanje ili preuzimanje on-line novina, časopisa ili elektroničkih knjiga",15 do 24 godine,Sva područja,81.2
2020,Udio mladih i odraslih sa vještinama u informacijskim i komunikacijskim tehnologijama (IKT),Postotak,Oba spola ili bez podjele po spolu,"Čitanje ili preuzimanje on-line novina, časopisa ili elektroničkih knjiga",15 do 24 godine,Sva područja,72.7
2021,Udio mladih i odraslih sa vještinama u informacijskim i komunikacijskim tehnologijama (IKT),Postotak,Oba spola ili bez podjele po spolu,"Čitanje ili preuzimanje on-line novina, časopisa ili elektroničkih knjiga",15 do 24 godine,Sva područja,72.3
2023,Udio mladih i odraslih sa vještinama u informacijskim i komunikacijskim tehnologijama (IKT),Postotak,Oba spola ili bez podjele po spolu,"Čitanje ili preuzimanje on-line novina, časopisa ili elektroničkih knjiga",15 do 24 godine,Sva područja,89.9
2017,Udio mladih i odraslih sa vještinama u informacijskim i komunikacijskim tehnologijama (IKT),Postotak,Žene,"Čitanje ili preuzimanje on-line novina, časopisa ili elektroničkih knjiga",15 do 24 godine,Sva područja,5.2
2019,Udio mladih i odraslih sa vještinama u informacijskim i komunikacijskim tehnologijama (IKT),Postotak,Žene,"Čitanje ili preuzimanje on-line novina, časopisa ili elektroničkih knjiga",15 do 24 godine,Sva područja,76.6
2020,Udio mladih i odraslih sa vještinama u informacijskim i komunikacijskim tehnologijama (IKT),Postotak,Žene,"Čitanje ili preuzimanje on-line novina, časopisa ili elektroničkih knjiga",15 do 24 godine,Sva područja,60.0
2021,Udio mladih i odraslih sa vještinama u informacijskim i komunikacijskim tehnologijama (IKT),Postotak,Žene,"Čitanje ili preuzimanje on-line novina, časopisa ili elektroničkih knjiga",15 do 24 godine,Sva područja,72.7
2023,Udio mladih i odraslih sa vještinama u informacijskim i komunikacijskim tehnologijama (IKT),Postotak,Žene,"Čitanje ili preuzimanje on-line novina, časopisa ili elektroničkih knjiga",15 do 24 godine,Sva područja,88.9
2017,Udio mladih i odraslih sa vještinama u informacijskim i komunikacijskim tehnologijama (IKT),Postotak,Muškarci,"Čitanje ili preuzimanje on-line novina, časopisa ili elektroničkih knjiga",15 do 24 godine,Sva područja,6.9
2019,Udio mladih i odraslih sa vještinama u informacijskim i komunikacijskim tehnologijama (IKT),Postotak,Muškarci,"Čitanje ili preuzimanje on-line novina, časopisa ili elektroničkih knjiga",15 do 24 godine,Sva područja,82.7
2020,Udio mladih i odraslih sa vještinama u informacijskim i komunikacijskim tehnologijama (IKT),Postotak,Muškarci,"Čitanje ili preuzimanje on-line novina, časopisa ili elektroničkih knjiga",15 do 24 godine,Sva područja,82.2
2021,Udio mladih i odraslih sa vještinama u informacijskim i komunikacijskim tehnologijama (IKT),Postotak,Muškarci,"Čitanje ili preuzimanje on-line novina, časopisa ili elektroničkih knjiga",15 do 24 godine,Sva područja,71.8
2023,Udio mladih i odraslih sa vještinama u informacijskim i komunikacijskim tehnologijama (IKT),Postotak,Muškarci,"Čitanje ili preuzimanje on-line novina, časopisa ili elektroničkih knjiga",15 do 24 godine,Sva područja,90.6
2019,Udio mladih i odraslih sa vještinama u informacijskim i komunikacijskim tehnologijama (IKT),Postotak,Oba spola ili bez podjele po spolu,Slanje e - mailova s ​​priloženim datotekama,15 do 24 godine,Sva područja,74.2
2021,Udio mladih i odraslih sa vještinama u informacijskim i komunikacijskim tehnologijama (IKT),Postotak,Oba spola ili bez podjele po spolu,Slanje e - mailova s ​​priloženim datotekama,15 do 24 godine,Sva područja,52.5
2023,Udio mladih i odraslih sa vještinama u informacijskim i komunikacijskim tehnologijama (IKT),Postotak,Oba spola ili bez podjele po spolu,Slanje e - mailova s ​​priloženim datotekama,15 do 24 godine,Sva područja,88.0
2019,Udio mladih i odraslih sa vještinama u informacijskim i komunikacijskim tehnologijama (IKT),Postotak,Žene,Slanje e - mailova s ​​priloženim datotekama,15 do 24 godine,Sva područja,78.4
2021,Udio mladih i odraslih sa vještinama u informacijskim i komunikacijskim tehnologijama (IKT),Postotak,Žene,Slanje e - mailova s ​​priloženim datotekama,15 do 24 godine,Sva područja,54.8
2023,Udio mladih i odraslih sa vještinama u informacijskim i komunikacijskim tehnologijama (IKT),Postotak,Žene,Slanje e - mailova s ​​priloženim datotekama,15 do 24 godine,Sva područja,88.9
2019,Udio mladih i odraslih sa vještinama u informacijskim i komunikacijskim tehnologijama (IKT),Postotak,Muškarci,Slanje e - mailova s ​​priloženim datotekama,15 do 24 godine,Sva područja,72.8
2021,Udio mladih i odraslih sa vještinama u informacijskim i komunikacijskim tehnologijama (IKT),Postotak,Muškarci,Slanje e - mailova s ​​priloženim datotekama,15 do 24 godine,Sva područja,49.6
2023,Udio mladih i odraslih sa vještinama u informacijskim i komunikacijskim tehnologijama (IKT),Postotak,Muškarci,Slanje e - mailova s ​​priloženim datotekama,15 do 24 godine,Sva područja,87.4
2017,Udio mladih i odraslih sa vještinama u informacijskim i komunikacijskim tehnologijama (IKT),Postotak,Oba spola ili bez podjele po spolu,Izrada elektroničkih prezentacija s prezentacijskim softverom,15 do 24 godine,Sva područja,36.1
2019,Udio mladih i odraslih sa vještinama u informacijskim i komunikacijskim tehnologijama (IKT),Postotak,Oba spola ili bez podjele po spolu,Izrada elektroničkih prezentacija s prezentacijskim softverom,15 do 24 godine,Sva područja,29.4
2021,Udio mladih i odraslih sa vještinama u informacijskim i komunikacijskim tehnologijama (IKT),Postotak,Oba spola ili bez podjele po spolu,Izrada elektroničkih prezentacija s prezentacijskim softverom,15 do 24 godine,Sva područja,35.0
2017,Udio mladih i odraslih sa vještinama u informacijskim i komunikacijskim tehnologijama (IKT),Postotak,Žene,Izrada elektroničkih prezentacija s prezentacijskim softverom,15 do 24 godine,Sva područja,35.1
2019,Udio mladih i odraslih sa vještinama u informacijskim i komunikacijskim tehnologijama (IKT),Postotak,Žene,Izrada elektroničkih prezentacija s prezentacijskim softverom,15 do 24 godine,Sva područja,38.0
2021,Udio mladih i odraslih sa vještinama u informacijskim i komunikacijskim tehnologijama (IKT),Postotak,Žene,Izrada elektroničkih prezentacija s prezentacijskim softverom,15 do 24 godine,Sva područja,31.4
2017,Udio mladih i odraslih sa vještinama u informacijskim i komunikacijskim tehnologijama (IKT),Postotak,Muškarci,Izrada elektroničkih prezentacija s prezentacijskim softverom,15 do 24 godine,Sva područja,37.0
2019,Udio mladih i odraslih sa vještinama u informacijskim i komunikacijskim tehnologijama (IKT),Postotak,Muškarci,Izrada elektroničkih prezentacija s prezentacijskim softverom,15 do 24 godine,Sva područja,26.3
2021,Udio mladih i odraslih sa vještinama u informacijskim i komunikacijskim tehnologijama (IKT),Postotak,Muškarci,Izrada elektroničkih prezentacija s prezentacijskim softverom,15 do 24 godine,Sva područja,39.5
2017,Udio mladih i odraslih sa vještinama u informacijskim i komunikacijskim tehnologijama (IKT),Postotak,Oba spola ili bez podjele po spolu,Izvođenje formalnog online tečaja,15 do 24 godine,Sva područja,17.4
2019,Udio mladih i odraslih sa vještinama u informacijskim i komunikacijskim tehnologijama (IKT),Postotak,Oba spola ili bez podjele po spolu,Izvođenje formalnog online tečaja,15 do 24 godine,Sva područja,16.9
2020,Udio mladih i odraslih sa vještinama u informacijskim i komunikacijskim tehnologijama (IKT),Postotak,Oba spola ili bez podjele po spolu,Izvođenje formalnog online tečaja,15 do 24 godine,Sva područja,13.9
2017,Udio mladih i odraslih sa vještinama u informacijskim i komunikacijskim tehnologijama (IKT),Postotak,Žene,Izvođenje formalnog online tečaja,15 do 24 godine,Sva područja,19.6
2019,Udio mladih i odraslih sa vještinama u informacijskim i komunikacijskim tehnologijama (IKT),Postotak,Žene,Izvođenje formalnog online tečaja,15 do 24 godine,Sva područja,12.8
2020,Udio mladih i odraslih sa vještinama u informacijskim i komunikacijskim tehnologijama (IKT),Postotak,Žene,Izvođenje formalnog online tečaja,15 do 24 godine,Sva područja,18.5
2017,Udio mladih i odraslih sa vještinama u informacijskim i komunikacijskim tehnologijama (IKT),Postotak,Muškarci,Izvođenje formalnog online tečaja,15 do 24 godine,Sva područja,15.4
2019,Udio mladih i odraslih sa vještinama u informacijskim i komunikacijskim tehnologijama (IKT),Postotak,Muškarci,Izvođenje formalnog online tečaja,15 do 24 godine,Sva područja,18.3
2020,Udio mladih i odraslih sa vještinama u informacijskim i komunikacijskim tehnologijama (IKT),Postotak,Muškarci,Izvođenje formalnog online tečaja,15 do 24 godine,Sva područja,10.5
2018,Udio mladih i odraslih sa vještinama u informacijskim i komunikacijskim tehnologijama (IKT),Postotak,Oba spola ili bez podjele po spolu,Dobivanje informacija o robi ili uslugama na mreži,15 do 24 godine,Sva područja,68.1
2019,Udio mladih i odraslih sa vještinama u informacijskim i komunikacijskim tehnologijama (IKT),Postotak,Oba spola ili bez podjele po spolu,Dobivanje informacija o robi ili uslugama na mreži,15 do 24 godine,Sva područja,67.6
2020,Udio mladih i odraslih sa vještinama u informacijskim i komunikacijskim tehnologijama (IKT),Postotak,Oba spola ili bez podjele po spolu,Dobivanje informacija o robi ili uslugama na mreži,15 do 24 godine,Sva područja,72.3
2021,Udio mladih i odraslih sa vještinama u informacijskim i komunikacijskim tehnologijama (IKT),Postotak,Oba spola ili bez podjele po spolu,Dobivanje informacija o robi ili uslugama na mreži,15 do 24 godine,Sva područja,83.3
2023,Udio mladih i odraslih sa vještinama u informacijskim i komunikacijskim tehnologijama (IKT),Postotak,Oba spola ili bez podjele po spolu,Dobivanje informacija o robi ili uslugama na mreži,15 do 24 godine,Sva područja,84.8
2018,Udio mladih i odraslih sa vještinama u informacijskim i komunikacijskim tehnologijama (IKT),Postotak,Žene,Dobivanje informacija o robi ili uslugama na mreži,15 do 24 godine,Sva područja,64.8
2019,Udio mladih i odraslih sa vještinama u informacijskim i komunikacijskim tehnologijama (IKT),Postotak,Žene,Dobivanje informacija o robi ili uslugama na mreži,15 do 24 godine,Sva područja,52.6
2020,Udio mladih i odraslih sa vještinama u informacijskim i komunikacijskim tehnologijama (IKT),Postotak,Žene,Dobivanje informacija o robi ili uslugama na mreži,15 do 24 godine,Sva područja,60.7
2021,Udio mladih i odraslih sa vještinama u informacijskim i komunikacijskim tehnologijama (IKT),Postotak,Žene,Dobivanje informacija o robi ili uslugama na mreži,15 do 24 godine,Sva područja,82.6
2023,Udio mladih i odraslih sa vještinama u informacijskim i komunikacijskim tehnologijama (IKT),Postotak,Žene,Dobivanje informacija o robi ili uslugama na mreži,15 do 24 godine,Sva područja,82.8
2018,Udio mladih i odraslih sa vještinama u informacijskim i komunikacijskim tehnologijama (IKT),Postotak,Muškarci,Dobivanje informacija o robi ili uslugama na mreži,15 do 24 godine,Sva područja,71.6
2019,Udio mladih i odraslih sa vještinama u informacijskim i komunikacijskim tehnologijama (IKT),Postotak,Muškarci,Dobivanje informacija o robi ili uslugama na mreži,15 do 24 godine,Sva područja,72.7
2020,Udio mladih i odraslih sa vještinama u informacijskim i komunikacijskim tehnologijama (IKT),Postotak,Muškarci,Dobivanje informacija o robi ili uslugama na mreži,15 do 24 godine,Sva područja,81.1
2021,Udio mladih i odraslih sa vještinama u informacijskim i komunikacijskim tehnologijama (IKT),Postotak,Muškarci,Dobivanje informacija o robi ili uslugama na mreži,15 do 24 godine,Sva područja,84.1
2023,Udio mladih i odraslih sa vještinama u informacijskim i komunikacijskim tehnologijama (IKT),Postotak,Muškarci,Dobivanje informacija o robi ili uslugama na mreži,15 do 24 godine,Sva područja,86.0
2018,Udio mladih i odraslih sa vještinama u informacijskim i komunikacijskim tehnologijama (IKT),Postotak,Oba spola ili bez podjele po spolu,Kupnja ili naručivanje robe ili usluga putem Interneta,15 do 24 godine,Sva područja,24.2
2019,Udio mladih i odraslih sa vještinama u informacijskim i komunikacijskim tehnologijama (IKT),Postotak,Oba spola ili bez podjele po spolu,Kupnja ili naručivanje robe ili usluga putem Interneta,15 do 24 godine,Sva područja,49.4
2020,Udio mladih i odraslih sa vještinama u informacijskim i komunikacijskim tehnologijama (IKT),Postotak,Oba spola ili bez podjele po spolu,Kupnja ili naručivanje robe ili usluga putem Interneta,15 do 24 godine,Sva područja,32.4
2021,Udio mladih i odraslih sa vještinama u informacijskim i komunikacijskim tehnologijama (IKT),Postotak,Oba spola ili bez podjele po spolu,Kupnja ili naručivanje robe ili usluga putem Interneta,15 do 24 godine,Sva područja,33.2
2018,Udio mladih i odraslih sa vještinama u informacijskim i komunikacijskim tehnologijama (IKT),Postotak,Žene,Kupnja ili naručivanje robe ili usluga putem Interneta,15 do 24 godine,Sva područja,20.3
2019,Udio mladih i odraslih sa vještinama u informacijskim i komunikacijskim tehnologijama (IKT),Postotak,Žene,Kupnja ili naručivanje robe ili usluga putem Interneta,15 do 24 godine,Sva područja,43.7
2020,Udio mladih i odraslih sa vještinama u informacijskim i komunikacijskim tehnologijama (IKT),Postotak,Žene,Kupnja ili naručivanje robe ili usluga putem Interneta,15 do 24 godine,Sva područja,31.8
2021,Udio mladih i odraslih sa vještinama u informacijskim i komunikacijskim tehnologijama (IKT),Postotak,Žene,Kupnja ili naručivanje robe ili usluga putem Interneta,15 do 24 godine,Sva područja,40.3
2018,Udio mladih i odraslih sa vještinama u informacijskim i komunikacijskim tehnologijama (IKT),Postotak,Muškarci,Kupnja ili naručivanje robe ili usluga putem Interneta,15 do 24 godine,Sva područja,28.5
2019,Udio mladih i odraslih sa vještinama u informacijskim i komunikacijskim tehnologijama (IKT),Postotak,Muškarci,Kupnja ili naručivanje robe ili usluga putem Interneta,15 do 24 godine,Sva područja,51.4
2020,Udio mladih i odraslih sa vještinama u informacijskim i komunikacijskim tehnologijama (IKT),Postotak,Muškarci,Kupnja ili naručivanje robe ili usluga putem Interneta,15 do 24 godine,Sva područja,32.9
2021,Udio mladih i odraslih sa vještinama u informacijskim i komunikacijskim tehnologijama (IKT),Postotak,Muškarci,Kupnja ili naručivanje robe ili usluga putem Interneta,15 do 24 godine,Sva područja,24.3
2017,Udio mladih i odraslih sa vještinama u informacijskim i komunikacijskim tehnologijama (IKT),Postotak,Oba spola ili bez podjele po spolu,"traženje zdravstvenih informacija (o ozljedama, bolestima, prehrani itd.)",15 do 24 godine,Sva područja,6.4
2018,Udio mladih i odraslih sa vještinama u informacijskim i komunikacijskim tehnologijama (IKT),Postotak,Oba spola ili bez podjele po spolu,"traženje zdravstvenih informacija (o ozljedama, bolestima, prehrani itd.)",15 do 24 godine,Sva područja,37.9
2019,Udio mladih i odraslih sa vještinama u informacijskim i komunikacijskim tehnologijama (IKT),Postotak,Oba spola ili bez podjele po spolu,"traženje zdravstvenih informacija (o ozljedama, bolestima, prehrani itd.)",15 do 24 godine,Sva područja,26.9
2020,Udio mladih i odraslih sa vještinama u informacijskim i komunikacijskim tehnologijama (IKT),Postotak,Oba spola ili bez podjele po spolu,"traženje zdravstvenih informacija (o ozljedama, bolestima, prehrani itd.)",15 do 24 godine,Sva područja,35.8
2021,Udio mladih i odraslih sa vještinama u informacijskim i komunikacijskim tehnologijama (IKT),Postotak,Oba spola ili bez podjele po spolu,"traženje zdravstvenih informacija (o ozljedama, bolestima, prehrani itd.)",15 do 24 godine,Sva područja,50.2
2023,Udio mladih i odraslih sa vještinama u informacijskim i komunikacijskim tehnologijama (IKT),Postotak,Oba spola ili bez podjele po spolu,"traženje zdravstvenih informacija (o ozljedama, bolestima, prehrani itd.)",15 do 24 godine,Sva područja,66.1
2017,Udio mladih i odraslih sa vještinama u informacijskim i komunikacijskim tehnologijama (IKT),Postotak,Žene,"traženje zdravstvenih informacija (o ozljedama, bolestima, prehrani itd.)",15 do 24 godine,Sva područja,5.0
2018,Udio mladih i odraslih sa vještinama u informacijskim i komunikacijskim tehnologijama (IKT),Postotak,Žene,"traženje zdravstvenih informacija (o ozljedama, bolestima, prehrani itd.)",15 do 24 godine,Sva područja,34.2
2019,Udio mladih i odraslih sa vještinama u informacijskim i komunikacijskim tehnologijama (IKT),Postotak,Žene,"traženje zdravstvenih informacija (o ozljedama, bolestima, prehrani itd.)",15 do 24 godine,Sva područja,30.7
2020,Udio mladih i odraslih sa vještinama u informacijskim i komunikacijskim tehnologijama (IKT),Postotak,Žene,"traženje zdravstvenih informacija (o ozljedama, bolestima, prehrani itd.)",15 do 24 godine,Sva područja,35.9
2021,Udio mladih i odraslih sa vještinama u informacijskim i komunikacijskim tehnologijama (IKT),Postotak,Žene,"traženje zdravstvenih informacija (o ozljedama, bolestima, prehrani itd.)",15 do 24 godine,Sva područja,51.5
2023,Udio mladih i odraslih sa vještinama u informacijskim i komunikacijskim tehnologijama (IKT),Postotak,Žene,"traženje zdravstvenih informacija (o ozljedama, bolestima, prehrani itd.)",15 do 24 godine,Sva područja,68.8
2017,Udio mladih i odraslih sa vještinama u informacijskim i komunikacijskim tehnologijama (IKT),Postotak,Muškarci,"traženje zdravstvenih informacija (o ozljedama, bolestima, prehrani itd.)",15 do 24 godine,Sva područja,7.5
2018,Udio mladih i odraslih sa vještinama u informacijskim i komunikacijskim tehnologijama (IKT),Postotak,Muškarci,"traženje zdravstvenih informacija (o ozljedama, bolestima, prehrani itd.)",15 do 24 godine,Sva područja,42.0
2019,Udio mladih i odraslih sa vještinama u informacijskim i komunikacijskim tehnologijama (IKT),Postotak,Muškarci,"traženje zdravstvenih informacija (o ozljedama, bolestima, prehrani itd.)",15 do 24 godine,Sva područja,25.5
2020,Udio mladih i odraslih sa vještinama u informacijskim i komunikacijskim tehnologijama (IKT),Postotak,Muškarci,"traženje zdravstvenih informacija (o ozljedama, bolestima, prehrani itd.)",15 do 24 godine,Sva područja,35.8
2021,Udio mladih i odraslih sa vještinama u informacijskim i komunikacijskim tehnologijama (IKT),Postotak,Muškarci,"traženje zdravstvenih informacija (o ozljedama, bolestima, prehrani itd.)",15 do 24 godine,Sva područja,48.5
2023,Udio mladih i odraslih sa vještinama u informacijskim i komunikacijskim tehnologijama (IKT),Postotak,Muškarci,"traženje zdravstvenih informacija (o ozljedama, bolestima, prehrani itd.)",15 do 24 godine,Sva područja,64.4
2021,Udio mladih i odraslih sa vještinama u informacijskim i komunikacijskim tehnologijama (IKT),Postotak,Oba spola ili bez podjele po spolu,Spajanje i instaliranje novih uređaja,15 do 24 godine,Sva područja,21.6
2023,Udio mladih i odraslih sa vještinama u informacijskim i komunikacijskim tehnologijama (IKT),Postotak,Oba spola ili bez podjele po spolu,Spajanje i instaliranje novih uređaja,15 do 24 godine,Sva područja,43.9
2021,Udio mladih i odraslih sa vještinama u informacijskim i komunikacijskim tehnologijama (IKT),Postotak,Žene,Spajanje i instaliranje novih uređaja,15 do 24 godine,Sva područja,18.5
2023,Udio mladih i odraslih sa vještinama u informacijskim i komunikacijskim tehnologijama (IKT),Postotak,Žene,Spajanje i instaliranje novih uređaja,15 do 24 godine,Sva područja,39.7
2021,Udio mladih i odraslih sa vještinama u informacijskim i komunikacijskim tehnologijama (IKT),Postotak,Muškarci,Spajanje i instaliranje novih uređaja,15 do 24 godine,Sva područja,25.4
2023,Udio mladih i odraslih sa vještinama u informacijskim i komunikacijskim tehnologijama (IKT),Postotak,Muškarci,Spajanje i instaliranje novih uređaja,15 do 24 godine,Sva područja,46.6
2018,Udio mladih i odraslih sa vještinama u informacijskim i komunikacijskim tehnologijama (IKT),Postotak,Oba spola ili bez podjele po spolu,Korištenje Internet bankarstva,15 do 24 godine,Sva područja,4.6
2019,Udio mladih i odraslih sa vještinama u informacijskim i komunikacijskim tehnologijama (IKT),Postotak,Oba spola ili bez podjele po spolu,Korištenje Internet bankarstva,15 do 24 godine,Sva područja,10.9
2020,Udio mladih i odraslih sa vještinama u informacijskim i komunikacijskim tehnologijama (IKT),Postotak,Oba spola ili bez podjele po spolu,Korištenje Internet bankarstva,15 do 24 godine,Sva područja,11.2
2021,Udio mladih i odraslih sa vještinama u informacijskim i komunikacijskim tehnologijama (IKT),Postotak,Oba spola ili bez podjele po spolu,Korištenje Internet bankarstva,15 do 24 godine,Sva područja,10.3
2023,Udio mladih i odraslih sa vještinama u informacijskim i komunikacijskim tehnologijama (IKT),Postotak,Oba spola ili bez podjele po spolu,Korištenje Internet bankarstva,15 do 24 godine,Sva područja,31.7
2018,Udio mladih i odraslih sa vještinama u informacijskim i komunikacijskim tehnologijama (IKT),Postotak,Žene,Korištenje Internet bankarstva,15 do 24 godine,Sva područja,2.5
2019,Udio mladih i odraslih sa vještinama u informacijskim i komunikacijskim tehnologijama (IKT),Postotak,Žene,Korištenje Internet bankarstva,15 do 24 godine,Sva područja,12.4
2020,Udio mladih i odraslih sa vještinama u informacijskim i komunikacijskim tehnologijama (IKT),Postotak,Žene,Korištenje Internet bankarstva,15 do 24 godine,Sva područja,6.5
2021,Udio mladih i odraslih sa vještinama u informacijskim i komunikacijskim tehnologijama (IKT),Postotak,Žene,Korištenje Internet bankarstva,15 do 24 godine,Sva područja,10.5
2023,Udio mladih i odraslih sa vještinama u informacijskim i komunikacijskim tehnologijama (IKT),Postotak,Žene,Korištenje Internet bankarstva,15 do 24 godine,Sva područja,25.6
2018,Udio mladih i odraslih sa vještinama u informacijskim i komunikacijskim tehnologijama (IKT),Postotak,Muškarci,Korištenje Internet bankarstva,15 do 24 godine,Sva područja,6.9
2019,Udio mladih i odraslih sa vještinama u informacijskim i komunikacijskim tehnologijama (IKT),Postotak,Muškarci,Korištenje Internet bankarstva,15 do 24 godine,Sva područja,10.4
2020,Udio mladih i odraslih sa vještinama u informacijskim i komunikacijskim tehnologijama (IKT),Postotak,Muškarci,Korištenje Internet bankarstva,15 do 24 godine,Sva područja,14.8
2021,Udio mladih i odraslih sa vještinama u informacijskim i komunikacijskim tehnologijama (IKT),Postotak,Muškarci,Korištenje Internet bankarstva,15 do 24 godine,Sva područja,10.1
2023,Udio mladih i odraslih sa vještinama u informacijskim i komunikacijskim tehnologijama (IKT),Postotak,Muškarci,Korištenje Internet bankarstva,15 do 24 godine,Sva područja,35.8
2017,Udio mladih i odraslih sa vještinama u informacijskim i komunikacijskim tehnologijama (IKT),Postotak,Oba spola ili bez podjele po spolu,Sudjelovanje u on - line konzultacijama ili glasovanje za definiranje građanskih ili političkih pitanja,15 do 24 godine,Sva područja,3.6
2019,Udio mladih i odraslih sa vještinama u informacijskim i komunikacijskim tehnologijama (IKT),Postotak,Oba spola ili bez podjele po spolu,Sudjelovanje u on - line konzultacijama ili glasovanje za definiranje građanskih ili političkih pitanja,15 do 24 godine,Sva područja,8.2
2021,Udio mladih i odraslih sa vještinama u informacijskim i komunikacijskim tehnologijama (IKT),Postotak,Oba spola ili bez podjele po spolu,Sudjelovanje u on - line konzultacijama ili glasovanje za definiranje građanskih ili političkih pitanja,15 do 24 godine,Sva područja,5.5
2023,Udio mladih i odraslih sa vještinama u informacijskim i komunikacijskim tehnologijama (IKT),Postotak,Oba spola ili bez podjele po spolu,Sudjelovanje u on - line konzultacijama ili glasovanje za definiranje građanskih ili političkih pitanja,15 do 24 godine,Sva područja,10.2
2017,Udio mladih i odraslih sa vještinama u informacijskim i komunikacijskim tehnologijama (IKT),Postotak,Žene,Sudjelovanje u on - line konzultacijama ili glasovanje za definiranje građanskih ili političkih pitanja,15 do 24 godine,Sva područja,1.6
2019,Udio mladih i odraslih sa vještinama u informacijskim i komunikacijskim tehnologijama (IKT),Postotak,Žene,Sudjelovanje u on - line konzultacijama ili glasovanje za definiranje građanskih ili političkih pitanja,15 do 24 godine,Sva područja,6.9
2021,Udio mladih i odraslih sa vještinama u informacijskim i komunikacijskim tehnologijama (IKT),Postotak,Žene,Sudjelovanje u on - line konzultacijama ili glasovanje za definiranje građanskih ili političkih pitanja,15 do 24 godine,Sva područja,4.7
2023,Udio mladih i odraslih sa vještinama u informacijskim i komunikacijskim tehnologijama (IKT),Postotak,Žene,Sudjelovanje u on - line konzultacijama ili glasovanje za definiranje građanskih ili političkih pitanja,15 do 24 godine,Sva područja,8.8
2017,Udio mladih i odraslih sa vještinama u informacijskim i komunikacijskim tehnologijama (IKT),Postotak,Muškarci,Sudjelovanje u on - line konzultacijama ili glasovanje za definiranje građanskih ili političkih pitanja,15 do 24 godine,Sva područja,5.3
2019,Udio mladih i odraslih sa vještinama u informacijskim i komunikacijskim tehnologijama (IKT),Postotak,Muškarci,Sudjelovanje u on - line konzultacijama ili glasovanje za definiranje građanskih ili političkih pitanja,15 do 24 godine,Sva područja,8.7
2021,Udio mladih i odraslih sa vještinama u informacijskim i komunikacijskim tehnologijama (IKT),Postotak,Muškarci,Sudjelovanje u on - line konzultacijama ili glasovanje za definiranje građanskih ili političkih pitanja,15 do 24 godine,Sva područja,6.4
2023,Udio mladih i odraslih sa vještinama u informacijskim i komunikacijskim tehnologijama (IKT),Postotak,Muškarci,Sudjelovanje u on - line konzultacijama ili glasovanje za definiranje građanskih ili političkih pitanja,15 do 24 godine,Sva područja,11.2
2017,Udio mladih i odraslih sa vještinama u informacijskim i komunikacijskim tehnologijama (IKT),Postotak,Oba spola ili bez podjele po spolu,Pisanje računalnog programa pomoću specijaliziranog programskog jezika,15 do 24 godine,Sva područja,5.0
2019,Udio mladih i odraslih sa vještinama u informacijskim i komunikacijskim tehnologijama (IKT),Postotak,Oba spola ili bez podjele po spolu,Pisanje računalnog programa pomoću specijaliziranog programskog jezika,15 do 24 godine,Sva područja,9.7
2017,Udio mladih i odraslih sa vještinama u informacijskim i komunikacijskim tehnologijama (IKT),Postotak,Žene,Pisanje računalnog programa pomoću specijaliziranog programskog jezika,15 do 24 godine,Sva područja,3.5
2019,Udio mladih i odraslih sa vještinama u informacijskim i komunikacijskim tehnologijama (IKT),Postotak,Žene,Pisanje računalnog programa pomoću specijaliziranog programskog jezika,15 do 24 godine,Sva područja,8.0
2017,Udio mladih i odraslih sa vještinama u informacijskim i komunikacijskim tehnologijama (IKT),Postotak,Muškarci,Pisanje računalnog programa pomoću specijaliziranog programskog jezika,15 do 24 godine,Sva područja,6.3
2019,Udio mladih i odraslih sa vještinama u informacijskim i komunikacijskim tehnologijama (IKT),Postotak,Muškarci,Pisanje računalnog programa pomoću specijaliziranog programskog jezika,15 do 24 godine,Sva područja,10.2
2021,Udio mladih i odraslih sa vještinama u informacijskim i komunikacijskim tehnologijama (IKT),Postotak,Oba spola ili bez podjele po spolu,"Promjena postavki privatnosti na vašem uređaju, računu ili aplikaciji kako biste ograničili dijeljenje osobnih podataka i informacija (npr. ime, podaci za kontakt, fotografije)",15 do 24 godine,Sva područja,20.6
2023,Udio mladih i odraslih sa vještinama u informacijskim i komunikacijskim tehnologijama (IKT),Postotak,Oba spola ili bez podjele po spolu,"Promjena postavki privatnosti na vašem uređaju, računu ili aplikaciji kako biste ograničili dijeljenje osobnih podataka i informacija (npr. ime, podaci za kontakt, fotografije)",15 do 24 godine,Sva područja,19.7
2021,Udio mladih i odraslih sa vještinama u informacijskim i komunikacijskim tehnologijama (IKT),Postotak,Žene,"Promjena postavki privatnosti na vašem uređaju, računu ili aplikaciji kako biste ograničili dijeljenje osobnih podataka i informacija (npr. ime, podaci za kontakt, fotografije)",15 do 24 godine,Sva područja,18.5
2023,Udio mladih i odraslih sa vještinama u informacijskim i komunikacijskim tehnologijama (IKT),Postotak,Žene,"Promjena postavki privatnosti na vašem uređaju, računu ili aplikaciji kako biste ograničili dijeljenje osobnih podataka i informacija (npr. ime, podaci za kontakt, fotografije)",15 do 24 godine,Sva područja,20.5
2021,Udio mladih i odraslih sa vještinama u informacijskim i komunikacijskim tehnologijama (IKT),Postotak,Muškarci,"Promjena postavki privatnosti na vašem uređaju, računu ili aplikaciji kako biste ograničili dijeljenje osobnih podataka i informacija (npr. ime, podaci za kontakt, fotografije)",15 do 24 godine,Sva područja,23.1
2023,Udio mladih i odraslih sa vještinama u informacijskim i komunikacijskim tehnologijama (IKT),Postotak,Muškarci,"Promjena postavki privatnosti na vašem uređaju, računu ili aplikaciji kako biste ograničili dijeljenje osobnih podataka i informacija (npr. ime, podaci za kontakt, fotografije)",15 do 24 godine,Sva područja,19.2
2021,Udio mladih i odraslih sa vještinama u informacijskim i komunikacijskim tehnologijama (IKT),Postotak,Oba spola ili bez podjele po spolu,"Postavljanje učinkovitih sigurnosnih mjera (npr. jake lozinke, obavijest o pokušaju prijave) za zaštitu uređaja i mrežnih računa",15 do 24 godine,Sva područja,18.7
2023,Udio mladih i odraslih sa vještinama u informacijskim i komunikacijskim tehnologijama (IKT),Postotak,Oba spola ili bez podjele po spolu,"Postavljanje učinkovitih sigurnosnih mjera (npr. jake lozinke, obavijest o pokušaju prijave) za zaštitu uređaja i mrežnih računa",15 do 24 godine,Sva područja,31.2
2021,Udio mladih i odraslih sa vještinama u informacijskim i komunikacijskim tehnologijama (IKT),Postotak,Žene,"Postavljanje učinkovitih sigurnosnih mjera (npr. jake lozinke, obavijest o pokušaju prijave) za zaštitu uređaja i mrežnih računa",15 do 24 godine,Sva područja,17.6
2023,Udio mladih i odraslih sa vještinama u informacijskim i komunikacijskim tehnologijama (IKT),Postotak,Žene,"Postavljanje učinkovitih sigurnosnih mjera (npr. jake lozinke, obavijest o pokušaju prijave) za zaštitu uređaja i mrežnih računa",15 do 24 godine,Sva područja,27.4
2021,Udio mladih i odraslih sa vještinama u informacijskim i komunikacijskim tehnologijama (IKT),Postotak,Muškarci,"Postavljanje učinkovitih sigurnosnih mjera (npr. jake lozinke, obavijest o pokušaju prijave) za zaštitu uređaja i mrežnih računa",15 do 24 godine,Sva područja,20.1
2023,Udio mladih i odraslih sa vještinama u informacijskim i komunikacijskim tehnologijama (IKT),Postotak,Muškarci,"Postavljanje učinkovitih sigurnosnih mjera (npr. jake lozinke, obavijest o pokušaju prijave) za zaštitu uređaja i mrežnih računa",15 do 24 godine,Sva područja,33.7
2018,Udio mladih i odraslih sa vještinama u informacijskim i komunikacijskim tehnologijama (IKT),Postotak,Oba spola ili bez podjele po spolu,Sudjelovanje u društvenim mrežama,15 do 24 godine,Sva područja,76.1
2019,Udio mladih i odraslih sa vještinama u informacijskim i komunikacijskim tehnologijama (IKT),Postotak,Oba spola ili bez podjele po spolu,Sudjelovanje u društvenim mrežama,15 do 24 godine,Sva područja,64.1
2020,Udio mladih i odraslih sa vještinama u informacijskim i komunikacijskim tehnologijama (IKT),Postotak,Oba spola ili bez podjele po spolu,Sudjelovanje u društvenim mrežama,15 do 24 godine,Sva područja,86.9
2021,Udio mladih i odraslih sa vještinama u informacijskim i komunikacijskim tehnologijama (IKT),Postotak,Oba spola ili bez podjele po spolu,Sudjelovanje u društvenim mrežama,15 do 24 godine,Sva područja,89.0
2023,Udio mladih i odraslih sa vještinama u informacijskim i komunikacijskim tehnologijama (IKT),Postotak,Oba spola ili bez podjele po spolu,Sudjelovanje u društvenim mrežama,15 do 24 godine,Sva područja,95.5
2018,Udio mladih i odraslih sa vještinama u informacijskim i komunikacijskim tehnologijama (IKT),Postotak,Žene,Sudjelovanje u društvenim mrežama,15 do 24 godine,Sva područja,69.1
2019,Udio mladih i odraslih sa vještinama u informacijskim i komunikacijskim tehnologijama (IKT),Postotak,Žene,Sudjelovanje u društvenim mrežama,15 do 24 godine,Sva područja,87.5
2020,Udio mladih i odraslih sa vještinama u informacijskim i komunikacijskim tehnologijama (IKT),Postotak,Žene,Sudjelovanje u društvenim mrežama,15 do 24 godine,Sva područja,82.1
2021,Udio mladih i odraslih sa vještinama u informacijskim i komunikacijskim tehnologijama (IKT),Postotak,Žene,Sudjelovanje u društvenim mrežama,15 do 24 godine,Sva područja,88.1
2023,Udio mladih i odraslih sa vještinama u informacijskim i komunikacijskim tehnologijama (IKT),Postotak,Žene,Sudjelovanje u društvenim mrežama,15 do 24 godine,Sva područja,98.0
2018,Udio mladih i odraslih sa vještinama u informacijskim i komunikacijskim tehnologijama (IKT),Postotak,Muškarci,Sudjelovanje u društvenim mrežama,15 do 24 godine,Sva područja,83.9
2019,Udio mladih i odraslih sa vještinama u informacijskim i komunikacijskim tehnologijama (IKT),Postotak,Muškarci,Sudjelovanje u društvenim mrežama,15 do 24 godine,Sva područja,56.1
2020,Udio mladih i odraslih sa vještinama u informacijskim i komunikacijskim tehnologijama (IKT),Postotak,Muškarci,Sudjelovanje u društvenim mrežama,15 do 24 godine,Sva područja,90.6
2021,Udio mladih i odraslih sa vještinama u informacijskim i komunikacijskim tehnologijama (IKT),Postotak,Muškarci,Sudjelovanje u društvenim mrežama,15 do 24 godine,Sva područja,90.2
2023,Udio mladih i odraslih sa vještinama u informacijskim i komunikacijskim tehnologijama (IKT),Postotak,Muškarci,Sudjelovanje u društvenim mrežama,15 do 24 godine,Sva područja,93.8
2017,Udio mladih i odraslih sa vještinama u informacijskim i komunikacijskim tehnologijama (IKT),Postotak,Oba spola ili bez podjele po spolu,"Pronalaženje, preuzimanje, instaliranje i konfiguriranje softvera",15 do 24 godine,Sva područja,51.7
2021,Udio mladih i odraslih sa vještinama u informacijskim i komunikacijskim tehnologijama (IKT),Postotak,Oba spola ili bez podjele po spolu,"Pronalaženje, preuzimanje, instaliranje i konfiguriranje softvera",15 do 24 godine,Sva područja,54.2
2023,Udio mladih i odraslih sa vještinama u informacijskim i komunikacijskim tehnologijama (IKT),Postotak,Oba spola ili bez podjele po spolu,"Pronalaženje, preuzimanje, instaliranje i konfiguriranje softvera",15 do 24 godine,Sva područja,78.4
2017,Udio mladih i odraslih sa vještinama u informacijskim i komunikacijskim tehnologijama (IKT),Postotak,Žene,"Pronalaženje, preuzimanje, instaliranje i konfiguriranje softvera",15 do 24 godine,Sva područja,50.2
2021,Udio mladih i odraslih sa vještinama u informacijskim i komunikacijskim tehnologijama (IKT),Postotak,Žene,"Pronalaženje, preuzimanje, instaliranje i konfiguriranje softvera",15 do 24 godine,Sva područja,56.3
2023,Udio mladih i odraslih sa vještinama u informacijskim i komunikacijskim tehnologijama (IKT),Postotak,Žene,"Pronalaženje, preuzimanje, instaliranje i konfiguriranje softvera",15 do 24 godine,Sva područja,80.5
2017,Udio mladih i odraslih sa vještinama u informacijskim i komunikacijskim tehnologijama (IKT),Postotak,Muškarci,"Pronalaženje, preuzimanje, instaliranje i konfiguriranje softvera",15 do 24 godine,Sva područja,53.0
2021,Udio mladih i odraslih sa vještinama u informacijskim i komunikacijskim tehnologijama (IKT),Postotak,Muškarci,"Pronalaženje, preuzimanje, instaliranje i konfiguriranje softvera",15 do 24 godine,Sva područja,51.6
2023,Udio mladih i odraslih sa vještinama u informacijskim i komunikacijskim tehnologijama (IKT),Postotak,Muškarci,"Pronalaženje, preuzimanje, instaliranje i konfiguriranje softvera",15 do 24 godine,Sva područja,77.0
2017,Udio mladih i odraslih sa vještinama u informacijskim i komunikacijskim tehnologijama (IKT),Postotak,Oba spola ili bez podjele po spolu,Prijenos datoteka između računala i drugih uređaja,15 do 24 godine,Sva područja,87.0
2019,Udio mladih i odraslih sa vještinama u informacijskim i komunikacijskim tehnologijama (IKT),Postotak,Oba spola ili bez podjele po spolu,Prijenos datoteka između računala i drugih uređaja,15 do 24 godine,Sva područja,80.7
2021,Udio mladih i odraslih sa vještinama u informacijskim i komunikacijskim tehnologijama (IKT),Postotak,Oba spola ili bez podjele po spolu,Prijenos datoteka između računala i drugih uređaja,15 do 24 godine,Sva područja,40.4
2023,Udio mladih i odraslih sa vještinama u informacijskim i komunikacijskim tehnologijama (IKT),Postotak,Oba spola ili bez podjele po spolu,Prijenos datoteka između računala i drugih uređaja,15 do 24 godine,Sva područja,53.0
2017,Udio mladih i odraslih sa vještinama u informacijskim i komunikacijskim tehnologijama (IKT),Postotak,Žene,Prijenos datoteka između računala i drugih uređaja,15 do 24 godine,Sva područja,84.0
2019,Udio mladih i odraslih sa vještinama u informacijskim i komunikacijskim tehnologijama (IKT),Postotak,Žene,Prijenos datoteka između računala i drugih uređaja,15 do 24 godine,Sva područja,80.9
2021,Udio mladih i odraslih sa vještinama u informacijskim i komunikacijskim tehnologijama (IKT),Postotak,Žene,Prijenos datoteka između računala i drugih uređaja,15 do 24 godine,Sva područja,40.7
2023,Udio mladih i odraslih sa vještinama u informacijskim i komunikacijskim tehnologijama (IKT),Postotak,Žene,Prijenos datoteka između računala i drugih uređaja,15 do 24 godine,Sva područja,49.8
2017,Udio mladih i odraslih sa vještinama u informacijskim i komunikacijskim tehnologijama (IKT),Postotak,Muškarci,Prijenos datoteka između računala i drugih uređaja,15 do 24 godine,Sva područja,89.5
2019,Udio mladih i odraslih sa vještinama u informacijskim i komunikacijskim tehnologijama (IKT),Postotak,Muškarci,Prijenos datoteka između računala i drugih uređaja,15 do 24 godine,Sva područja,80.7
2021,Udio mladih i odraslih sa vještinama u informacijskim i komunikacijskim tehnologijama (IKT),Postotak,Muškarci,Prijenos datoteka između računala i drugih uređaja,15 do 24 godine,Sva područja,40.0
2023,Udio mladih i odraslih sa vještinama u informacijskim i komunikacijskim tehnologijama (IKT),Postotak,Muškarci,Prijenos datoteka između računala i drugih uređaja,15 do 24 godine,Sva područja,55.1
2017,Udio mladih i odraslih sa vještinama u informacijskim i komunikacijskim tehnologijama (IKT),Postotak,Oba spola ili bez podjele po spolu,Prijenos sadržaja koji je sam/korisnik stvorio na web mjesto za dijeljenje,15 do 24 godine,Sva područja,58.7
2019,Udio mladih i odraslih sa vještinama u informacijskim i komunikacijskim tehnologijama (IKT),Postotak,Oba spola ili bez podjele po spolu,Prijenos sadržaja koji je sam/korisnik stvorio na web mjesto za dijeljenje,15 do 24 godine,Sva područja,18.7
2020,Udio mladih i odraslih sa vještinama u informacijskim i komunikacijskim tehnologijama (IKT),Postotak,Oba spola ili bez podjele po spolu,Prijenos sadržaja koji je sam/korisnik stvorio na web mjesto za dijeljenje,15 do 24 godine,Sva područja,23.9
2017,Udio mladih i odraslih sa vještinama u informacijskim i komunikacijskim tehnologijama (IKT),Postotak,Žene,Prijenos sadržaja koji je sam/korisnik stvorio na web mjesto za dijeljenje,15 do 24 godine,Sva područja,58.2
2019,Udio mladih i odraslih sa vještinama u informacijskim i komunikacijskim tehnologijama (IKT),Postotak,Žene,Prijenos sadržaja koji je sam/korisnik stvorio na web mjesto za dijeljenje,15 do 24 godine,Sva područja,33.7
2020,Udio mladih i odraslih sa vještinama u informacijskim i komunikacijskim tehnologijama (IKT),Postotak,Žene,Prijenos sadržaja koji je sam/korisnik stvorio na web mjesto za dijeljenje,15 do 24 godine,Sva područja,23.1
2017,Udio mladih i odraslih sa vještinama u informacijskim i komunikacijskim tehnologijama (IKT),Postotak,Muškarci,Prijenos sadržaja koji je sam/korisnik stvorio na web mjesto za dijeljenje,15 do 24 godine,Sva područja,59.1
2019,Udio mladih i odraslih sa vještinama u informacijskim i komunikacijskim tehnologijama (IKT),Postotak,Muškarci,Prijenos sadržaja koji je sam/korisnik stvorio na web mjesto za dijeljenje,15 do 24 godine,Sva područja,13.6
2020,Udio mladih i odraslih sa vještinama u informacijskim i komunikacijskim tehnologijama (IKT),Postotak,Muškarci,Prijenos sadržaja koji je sam/korisnik stvorio na web mjesto za dijeljenje,15 do 24 godine,Sva područja,24.6
2017,Udio mladih i odraslih sa vještinama u informacijskim i komunikacijskim tehnologijama (IKT),Postotak,Oba spola ili bez podjele po spolu,Telefoniranje preko interneta / VoIP,15 do 24 godine,Sva područja,41.8
2018,Udio mladih i odraslih sa vještinama u informacijskim i komunikacijskim tehnologijama (IKT),Postotak,Oba spola ili bez podjele po spolu,Telefoniranje preko interneta / VoIP,15 do 24 godine,Sva područja,76.7
2019,Udio mladih i odraslih sa vještinama u informacijskim i komunikacijskim tehnologijama (IKT),Postotak,Oba spola ili bez podjele po spolu,Telefoniranje preko interneta / VoIP,15 do 24 godine,Sva područja,96.7
2020,Udio mladih i odraslih sa vještinama u informacijskim i komunikacijskim tehnologijama (IKT),Postotak,Oba spola ili bez podjele po spolu,Telefoniranje preko interneta / VoIP,15 do 24 godine,Sva područja,90.8
2021,Udio mladih i odraslih sa vještinama u informacijskim i komunikacijskim tehnologijama (IKT),Postotak,Oba spola ili bez podjele po spolu,Telefoniranje preko interneta / VoIP,15 do 24 godine,Sva područja,94.2
2023,Udio mladih i odraslih sa vještinama u informacijskim i komunikacijskim tehnologijama (IKT),Postotak,Oba spola ili bez podjele po spolu,Telefoniranje preko interneta / VoIP,15 do 24 godine,Sva područja,98.6
2017,Udio mladih i odraslih sa vještinama u informacijskim i komunikacijskim tehnologijama (IKT),Postotak,Žene,Telefoniranje preko interneta / VoIP,15 do 24 godine,Sva područja,42.0
2018,Udio mladih i odraslih sa vještinama u informacijskim i komunikacijskim tehnologijama (IKT),Postotak,Žene,Telefoniranje preko interneta / VoIP,15 do 24 godine,Sva područja,70.3
2019,Udio mladih i odraslih sa vještinama u informacijskim i komunikacijskim tehnologijama (IKT),Postotak,Žene,Telefoniranje preko interneta / VoIP,15 do 24 godine,Sva područja,97.0
2020,Udio mladih i odraslih sa vještinama u informacijskim i komunikacijskim tehnologijama (IKT),Postotak,Žene,Telefoniranje preko interneta / VoIP,15 do 24 godine,Sva područja,86.1
2021,Udio mladih i odraslih sa vještinama u informacijskim i komunikacijskim tehnologijama (IKT),Postotak,Žene,Telefoniranje preko interneta / VoIP,15 do 24 godine,Sva područja,93.6
2023,Udio mladih i odraslih sa vještinama u informacijskim i komunikacijskim tehnologijama (IKT),Postotak,Žene,Telefoniranje preko interneta / VoIP,15 do 24 godine,Sva područja,99.0
2017,Udio mladih i odraslih sa vještinama u informacijskim i komunikacijskim tehnologijama (IKT),Postotak,Muškarci,Telefoniranje preko interneta / VoIP,15 do 24 godine,Sva područja,41.7
2018,Udio mladih i odraslih sa vještinama u informacijskim i komunikacijskim tehnologijama (IKT),Postotak,Muškarci,Telefoniranje preko interneta / VoIP,15 do 24 godine,Sva područja,83.9
2019,Udio mladih i odraslih sa vještinama u informacijskim i komunikacijskim tehnologijama (IKT),Postotak,Muškarci,Telefoniranje preko interneta / VoIP,15 do 24 godine,Sva područja,96.6
2020,Udio mladih i odraslih sa vještinama u informacijskim i komunikacijskim tehnologijama (IKT),Postotak,Muškarci,Telefoniranje preko interneta / VoIP,15 do 24 godine,Sva područja,94.4
2021,Udio mladih i odraslih sa vještinama u informacijskim i komunikacijskim tehnologijama (IKT),Postotak,Muškarci,Telefoniranje preko interneta / VoIP,15 do 24 godine,Sva područja,94.9
2023,Udio mladih i odraslih sa vještinama u informacijskim i komunikacijskim tehnologijama (IKT),Postotak,Muškarci,Telefoniranje preko interneta / VoIP,15 do 24 godine,Sva područja,98.3
2017,Udio mladih i odraslih sa vještinama u informacijskim i komunikacijskim tehnologijama (IKT),Postotak,Oba spola ili bez podjele po spolu,Korištenje osnovnih aritmetičkih formula u proračunskoj tablici,25 do 74 godina,Sva područja,7.1
2019,Udio mladih i odraslih sa vještinama u informacijskim i komunikacijskim tehnologijama (IKT),Postotak,Oba spola ili bez podjele po spolu,Korištenje osnovnih aritmetičkih formula u proračunskoj tablici,25 do 74 godina,Sva područja,6.5
2017,Udio mladih i odraslih sa vještinama u informacijskim i komunikacijskim tehnologijama (IKT),Postotak,Žene,Korištenje osnovnih aritmetičkih formula u proračunskoj tablici,25 do 74 godina,Sva područja,7.2
2019,Udio mladih i odraslih sa vještinama u informacijskim i komunikacijskim tehnologijama (IKT),Postotak,Žene,Korištenje osnovnih aritmetičkih formula u proračunskoj tablici,25 do 74 godina,Sva područja,5.6
2017,Udio mladih i odraslih sa vještinama u informacijskim i komunikacijskim tehnologijama (IKT),Postotak,Muškarci,Korištenje osnovnih aritmetičkih formula u proračunskoj tablici,25 do 74 godina,Sva područja,6.9
2019,Udio mladih i odraslih sa vještinama u informacijskim i komunikacijskim tehnologijama (IKT),Postotak,Muškarci,Korištenje osnovnih aritmetičkih formula u proračunskoj tablici,25 do 74 godina,Sva područja,7.8
2017,Udio mladih i odraslih sa vještinama u informacijskim i komunikacijskim tehnologijama (IKT),Postotak,Oba spola ili bez podjele po spolu,Korištenje alata za kopiranje i lijepljenje za dupliciranje ili premještanje informacija unutar dokumenta,25 do 74 godina,Sva područja,24.1
2019,Udio mladih i odraslih sa vještinama u informacijskim i komunikacijskim tehnologijama (IKT),Postotak,Oba spola ili bez podjele po spolu,Korištenje alata za kopiranje i lijepljenje za dupliciranje ili premještanje informacija unutar dokumenta,25 do 74 godina,Sva područja,18.9
2021,Udio mladih i odraslih sa vještinama u informacijskim i komunikacijskim tehnologijama (IKT),Postotak,Oba spola ili bez podjele po spolu,Korištenje alata za kopiranje i lijepljenje za dupliciranje ili premještanje informacija unutar dokumenta,25 do 74 godina,Sva područja,53.7
2023,Udio mladih i odraslih sa vještinama u informacijskim i komunikacijskim tehnologijama (IKT),Postotak,Oba spola ili bez podjele po spolu,Korištenje alata za kopiranje i lijepljenje za dupliciranje ili premještanje informacija unutar dokumenta,25 do 74 godina,Sva područja,49.0
2017,Udio mladih i odraslih sa vještinama u informacijskim i komunikacijskim tehnologijama (IKT),Postotak,Žene,Korištenje alata za kopiranje i lijepljenje za dupliciranje ili premještanje informacija unutar dokumenta,25 do 74 godina,Sva područja,22.0
2019,Udio mladih i odraslih sa vještinama u informacijskim i komunikacijskim tehnologijama (IKT),Postotak,Žene,Korištenje alata za kopiranje i lijepljenje za dupliciranje ili premještanje informacija unutar dokumenta,25 do 74 godina,Sva područja,17.1
2021,Udio mladih i odraslih sa vještinama u informacijskim i komunikacijskim tehnologijama (IKT),Postotak,Žene,Korištenje alata za kopiranje i lijepljenje za dupliciranje ili premještanje informacija unutar dokumenta,25 do 74 godina,Sva područja,51.4
2023,Udio mladih i odraslih sa vještinama u informacijskim i komunikacijskim tehnologijama (IKT),Postotak,Žene,Korištenje alata za kopiranje i lijepljenje za dupliciranje ili premještanje informacija unutar dokumenta,25 do 74 godina,Sva područja,48.2
2017,Udio mladih i odraslih sa vještinama u informacijskim i komunikacijskim tehnologijama (IKT),Postotak,Muškarci,Korištenje alata za kopiranje i lijepljenje za dupliciranje ili premještanje informacija unutar dokumenta,25 do 74 godina,Sva područja,26.4
2019,Udio mladih i odraslih sa vještinama u informacijskim i komunikacijskim tehnologijama (IKT),Postotak,Muškarci,Korištenje alata za kopiranje i lijepljenje za dupliciranje ili premještanje informacija unutar dokumenta,25 do 74 godina,Sva područja,21.3
2021,Udio mladih i odraslih sa vještinama u informacijskim i komunikacijskim tehnologijama (IKT),Postotak,Muškarci,Korištenje alata za kopiranje i lijepljenje za dupliciranje ili premještanje informacija unutar dokumenta,25 do 74 godina,Sva područja,56.3
2023,Udio mladih i odraslih sa vještinama u informacijskim i komunikacijskim tehnologijama (IKT),Postotak,Muškarci,Korištenje alata za kopiranje i lijepljenje za dupliciranje ili premještanje informacija unutar dokumenta,25 do 74 godina,Sva područja,49.7
2017,Udio mladih i odraslih sa vještinama u informacijskim i komunikacijskim tehnologijama (IKT),Postotak,Oba spola ili bez podjele po spolu,"Čitanje ili preuzimanje on-line novina, časopisa ili elektroničkih knjiga",25 do 74 godina,Sva područja,3.2
2019,Udio mladih i odraslih sa vještinama u informacijskim i komunikacijskim tehnologijama (IKT),Postotak,Oba spola ili bez podjele po spolu,"Čitanje ili preuzimanje on-line novina, časopisa ili elektroničkih knjiga",25 do 74 godina,Sva područja,59.1
2020,Udio mladih i odraslih sa vještinama u informacijskim i komunikacijskim tehnologijama (IKT),Postotak,Oba spola ili bez podjele po spolu,"Čitanje ili preuzimanje on-line novina, časopisa ili elektroničkih knjiga",25 do 74 godina,Sva područja,64.6
2021,Udio mladih i odraslih sa vještinama u informacijskim i komunikacijskim tehnologijama (IKT),Postotak,Oba spola ili bez podjele po spolu,"Čitanje ili preuzimanje on-line novina, časopisa ili elektroničkih knjiga",25 do 74 godina,Sva područja,72.8
2023,Udio mladih i odraslih sa vještinama u informacijskim i komunikacijskim tehnologijama (IKT),Postotak,Oba spola ili bez podjele po spolu,"Čitanje ili preuzimanje on-line novina, časopisa ili elektroničkih knjiga",25 do 74 godina,Sva područja,80.1
2017,Udio mladih i odraslih sa vještinama u informacijskim i komunikacijskim tehnologijama (IKT),Postotak,Žene,"Čitanje ili preuzimanje on-line novina, časopisa ili elektroničkih knjiga",25 do 74 godina,Sva područja,2.9
2019,Udio mladih i odraslih sa vještinama u informacijskim i komunikacijskim tehnologijama (IKT),Postotak,Žene,"Čitanje ili preuzimanje on-line novina, časopisa ili elektroničkih knjiga",25 do 74 godina,Sva područja,52.1
2020,Udio mladih i odraslih sa vještinama u informacijskim i komunikacijskim tehnologijama (IKT),Postotak,Žene,"Čitanje ili preuzimanje on-line novina, časopisa ili elektroničkih knjiga",25 do 74 godina,Sva područja,63.2
2021,Udio mladih i odraslih sa vještinama u informacijskim i komunikacijskim tehnologijama (IKT),Postotak,Žene,"Čitanje ili preuzimanje on-line novina, časopisa ili elektroničkih knjiga",25 do 74 godina,Sva područja,73.2
2023,Udio mladih i odraslih sa vještinama u informacijskim i komunikacijskim tehnologijama (IKT),Postotak,Žene,"Čitanje ili preuzimanje on-line novina, časopisa ili elektroničkih knjiga",25 do 74 godina,Sva područja,76.7
2017,Udio mladih i odraslih sa vještinama u informacijskim i komunikacijskim tehnologijama (IKT),Postotak,Muškarci,"Čitanje ili preuzimanje on-line novina, časopisa ili elektroničkih knjiga",25 do 74 godina,Sva područja,3.4
2019,Udio mladih i odraslih sa vještinama u informacijskim i komunikacijskim tehnologijama (IKT),Postotak,Muškarci,"Čitanje ili preuzimanje on-line novina, časopisa ili elektroničkih knjiga",25 do 74 godina,Sva područja,68.2
2020,Udio mladih i odraslih sa vještinama u informacijskim i komunikacijskim tehnologijama (IKT),Postotak,Muškarci,"Čitanje ili preuzimanje on-line novina, časopisa ili elektroničkih knjiga",25 do 74 godina,Sva područja,66.2
2021,Udio mladih i odraslih sa vještinama u informacijskim i komunikacijskim tehnologijama (IKT),Postotak,Muškarci,"Čitanje ili preuzimanje on-line novina, časopisa ili elektroničkih knjiga",25 do 74 godina,Sva područja,72.5
2023,Udio mladih i odraslih sa vještinama u informacijskim i komunikacijskim tehnologijama (IKT),Postotak,Muškarci,"Čitanje ili preuzimanje on-line novina, časopisa ili elektroničkih knjiga",25 do 74 godina,Sva područja,83.3
2019,Udio mladih i odraslih sa vještinama u informacijskim i komunikacijskim tehnologijama (IKT),Postotak,Oba spola ili bez podjele po spolu,Slanje e - mailova s ​​priloženim datotekama,25 do 74 godina,Sva područja,24.7
2021,Udio mladih i odraslih sa vještinama u informacijskim i komunikacijskim tehnologijama (IKT),Postotak,Oba spola ili bez podjele po spolu,Slanje e - mailova s ​​priloženim datotekama,25 do 74 godina,Sva područja,30.0
2023,Udio mladih i odraslih sa vještinama u informacijskim i komunikacijskim tehnologijama (IKT),Postotak,Oba spola ili bez podjele po spolu,Slanje e - mailova s ​​priloženim datotekama,25 do 74 godina,Sva područja,39.1
2019,Udio mladih i odraslih sa vještinama u informacijskim i komunikacijskim tehnologijama (IKT),Postotak,Žene,Slanje e - mailova s ​​priloženim datotekama,25 do 74 godina,Sva područja,23.2
2021,Udio mladih i odraslih sa vještinama u informacijskim i komunikacijskim tehnologijama (IKT),Postotak,Žene,Slanje e - mailova s ​​priloženim datotekama,25 do 74 godina,Sva područja,28.4
2023,Udio mladih i odraslih sa vještinama u informacijskim i komunikacijskim tehnologijama (IKT),Postotak,Žene,Slanje e - mailova s ​​priloženim datotekama,25 do 74 godina,Sva područja,37.4
2019,Udio mladih i odraslih sa vještinama u informacijskim i komunikacijskim tehnologijama (IKT),Postotak,Muškarci,Slanje e - mailova s ​​priloženim datotekama,25 do 74 godina,Sva područja,26.7
2021,Udio mladih i odraslih sa vještinama u informacijskim i komunikacijskim tehnologijama (IKT),Postotak,Muškarci,Slanje e - mailova s ​​priloženim datotekama,25 do 74 godina,Sva područja,31.8
2023,Udio mladih i odraslih sa vještinama u informacijskim i komunikacijskim tehnologijama (IKT),Postotak,Muškarci,Slanje e - mailova s ​​priloženim datotekama,25 do 74 godina,Sva područja,40.8
2017,Udio mladih i odraslih sa vještinama u informacijskim i komunikacijskim tehnologijama (IKT),Postotak,Oba spola ili bez podjele po spolu,Izrada elektroničkih prezentacija s prezentacijskim softverom,25 do 74 godina,Sva područja,9.4
2019,Udio mladih i odraslih sa vještinama u informacijskim i komunikacijskim tehnologijama (IKT),Postotak,Oba spola ili bez podjele po spolu,Izrada elektroničkih prezentacija s prezentacijskim softverom,25 do 74 godina,Sva područja,8.9
2021,Udio mladih i odraslih sa vještinama u informacijskim i komunikacijskim tehnologijama (IKT),Postotak,Oba spola ili bez podjele po spolu,Izrada elektroničkih prezentacija s prezentacijskim softverom,25 do 74 godina,Sva područja,14.7
2017,Udio mladih i odraslih sa vještinama u informacijskim i komunikacijskim tehnologijama (IKT),Postotak,Žene,Izrada elektroničkih prezentacija s prezentacijskim softverom,25 do 74 godina,Sva područja,8.0
2019,Udio mladih i odraslih sa vještinama u informacijskim i komunikacijskim tehnologijama (IKT),Postotak,Žene,Izrada elektroničkih prezentacija s prezentacijskim softverom,25 do 74 godina,Sva područja,7.7
2021,Udio mladih i odraslih sa vještinama u informacijskim i komunikacijskim tehnologijama (IKT),Postotak,Žene,Izrada elektroničkih prezentacija s prezentacijskim softverom,25 do 74 godina,Sva područja,13.6
2017,Udio mladih i odraslih sa vještinama u informacijskim i komunikacijskim tehnologijama (IKT),Postotak,Muškarci,Izrada elektroničkih prezentacija s prezentacijskim softverom,25 do 74 godina,Sva područja,11.1
2019,Udio mladih i odraslih sa vještinama u informacijskim i komunikacijskim tehnologijama (IKT),Postotak,Muškarci,Izrada elektroničkih prezentacija s prezentacijskim softverom,25 do 74 godina,Sva područja,10.5
2021,Udio mladih i odraslih sa vještinama u informacijskim i komunikacijskim tehnologijama (IKT),Postotak,Muškarci,Izrada elektroničkih prezentacija s prezentacijskim softverom,25 do 74 godina,Sva područja,16.1
2017,Udio mladih i odraslih sa vještinama u informacijskim i komunikacijskim tehnologijama (IKT),Postotak,Oba spola ili bez podjele po spolu,Izvođenje formalnog online tečaja,25 do 74 godina,Sva područja,12.9
2019,Udio mladih i odraslih sa vještinama u informacijskim i komunikacijskim tehnologijama (IKT),Postotak,Oba spola ili bez podjele po spolu,Izvođenje formalnog online tečaja,25 do 74 godina,Sva područja,2.5
2020,Udio mladih i odraslih sa vještinama u informacijskim i komunikacijskim tehnologijama (IKT),Postotak,Oba spola ili bez podjele po spolu,Izvođenje formalnog online tečaja,25 do 74 godina,Sva područja,4.5
2017,Udio mladih i odraslih sa vještinama u informacijskim i komunikacijskim tehnologijama (IKT),Postotak,Žene,Izvođenje formalnog online tečaja,25 do 74 godina,Sva područja,11.8
2019,Udio mladih i odraslih sa vještinama u informacijskim i komunikacijskim tehnologijama (IKT),Postotak,Žene,Izvođenje formalnog online tečaja,25 do 74 godina,Sva područja,1.9
2020,Udio mladih i odraslih sa vještinama u informacijskim i komunikacijskim tehnologijama (IKT),Postotak,Žene,Izvođenje formalnog online tečaja,25 do 74 godina,Sva područja,5.5
2017,Udio mladih i odraslih sa vještinama u informacijskim i komunikacijskim tehnologijama (IKT),Postotak,Muškarci,Izvođenje formalnog online tečaja,25 do 74 godina,Sva područja,14.1
2019,Udio mladih i odraslih sa vještinama u informacijskim i komunikacijskim tehnologijama (IKT),Postotak,Muškarci,Izvođenje formalnog online tečaja,25 do 74 godina,Sva područja,3.4
2020,Udio mladih i odraslih sa vještinama u informacijskim i komunikacijskim tehnologijama (IKT),Postotak,Muškarci,Izvođenje formalnog online tečaja,25 do 74 godina,Sva područja,3.4
2018,Udio mladih i odraslih sa vještinama u informacijskim i komunikacijskim tehnologijama (IKT),Postotak,Oba spola ili bez podjele po spolu,Dobivanje informacija o robi ili uslugama na mreži,25 do 74 godina,Sva područja,73.8
2019,Udio mladih i odraslih sa vještinama u informacijskim i komunikacijskim tehnologijama (IKT),Postotak,Oba spola ili bez podjele po spolu,Dobivanje informacija o robi ili uslugama na mreži,25 do 74 godina,Sva područja,54.6
2020,Udio mladih i odraslih sa vještinama u informacijskim i komunikacijskim tehnologijama (IKT),Postotak,Oba spola ili bez podjele po spolu,Dobivanje informacija o robi ili uslugama na mreži,25 do 74 godina,Sva područja,66.5
2021,Udio mladih i odraslih sa vještinama u informacijskim i komunikacijskim tehnologijama (IKT),Postotak,Oba spola ili bez podjele po spolu,Dobivanje informacija o robi ili uslugama na mreži,25 do 74 godina,Sva područja,65.1
2023,Udio mladih i odraslih sa vještinama u informacijskim i komunikacijskim tehnologijama (IKT),Postotak,Oba spola ili bez podjele po spolu,Dobivanje informacija o robi ili uslugama na mreži,25 do 74 godina,Sva područja,69.0
2018,Udio mladih i odraslih sa vještinama u informacijskim i komunikacijskim tehnologijama (IKT),Postotak,Žene,Dobivanje informacija o robi ili uslugama na mreži,25 do 74 godina,Sva područja,75.1
2019,Udio mladih i odraslih sa vještinama u informacijskim i komunikacijskim tehnologijama (IKT),Postotak,Žene,Dobivanje informacija o robi ili uslugama na mreži,25 do 74 godina,Sva područja,55.9
2020,Udio mladih i odraslih sa vještinama u informacijskim i komunikacijskim tehnologijama (IKT),Postotak,Žene,Dobivanje informacija o robi ili uslugama na mreži,25 do 74 godina,Sva područja,66.3
2021,Udio mladih i odraslih sa vještinama u informacijskim i komunikacijskim tehnologijama (IKT),Postotak,Žene,Dobivanje informacija o robi ili uslugama na mreži,25 do 74 godina,Sva područja,63.6
2023,Udio mladih i odraslih sa vještinama u informacijskim i komunikacijskim tehnologijama (IKT),Postotak,Žene,Dobivanje informacija o robi ili uslugama na mreži,25 do 74 godina,Sva područja,65.9
2018,Udio mladih i odraslih sa vještinama u informacijskim i komunikacijskim tehnologijama (IKT),Postotak,Muškarci,Dobivanje informacija o robi ili uslugama na mreži,25 do 74 godina,Sva područja,72.3
2019,Udio mladih i odraslih sa vještinama u informacijskim i komunikacijskim tehnologijama (IKT),Postotak,Muškarci,Dobivanje informacija o robi ili uslugama na mreži,25 do 74 godina,Sva područja,52.9
2020,Udio mladih i odraslih sa vještinama u informacijskim i komunikacijskim tehnologijama (IKT),Postotak,Muškarci,Dobivanje informacija o robi ili uslugama na mreži,25 do 74 godina,Sva područja,66.7
2021,Udio mladih i odraslih sa vještinama u informacijskim i komunikacijskim tehnologijama (IKT),Postotak,Muškarci,Dobivanje informacija o robi ili uslugama na mreži,25 do 74 godina,Sva područja,66.7
2023,Udio mladih i odraslih sa vještinama u informacijskim i komunikacijskim tehnologijama (IKT),Postotak,Muškarci,Dobivanje informacija o robi ili uslugama na mreži,25 do 74 godina,Sva područja,71.9
2018,Udio mladih i odraslih sa vještinama u informacijskim i komunikacijskim tehnologijama (IKT),Postotak,Oba spola ili bez podjele po spolu,Kupnja ili naručivanje robe ili usluga putem Interneta,25 do 74 godina,Sva područja,18.7
2019,Udio mladih i odraslih sa vještinama u informacijskim i komunikacijskim tehnologijama (IKT),Postotak,Oba spola ili bez podjele po spolu,Kupnja ili naručivanje robe ili usluga putem Interneta,25 do 74 godina,Sva područja,21.7
2020,Udio mladih i odraslih sa vještinama u informacijskim i komunikacijskim tehnologijama (IKT),Postotak,Oba spola ili bez podjele po spolu,Kupnja ili naručivanje robe ili usluga putem Interneta,25 do 74 godina,Sva područja,23.5
2021,Udio mladih i odraslih sa vještinama u informacijskim i komunikacijskim tehnologijama (IKT),Postotak,Oba spola ili bez podjele po spolu,Kupnja ili naručivanje robe ili usluga putem Interneta,25 do 74 godina,Sva područja,31.8
2018,Udio mladih i odraslih sa vještinama u informacijskim i komunikacijskim tehnologijama (IKT),Postotak,Žene,Kupnja ili naručivanje robe ili usluga putem Interneta,25 do 74 godina,Sva područja,18.7
2019,Udio mladih i odraslih sa vještinama u informacijskim i komunikacijskim tehnologijama (IKT),Postotak,Žene,Kupnja ili naručivanje robe ili usluga putem Interneta,25 do 74 godina,Sva područja,17.6
2020,Udio mladih i odraslih sa vještinama u informacijskim i komunikacijskim tehnologijama (IKT),Postotak,Žene,Kupnja ili naručivanje robe ili usluga putem Interneta,25 do 74 godina,Sva područja,23.3
2021,Udio mladih i odraslih sa vještinama u informacijskim i komunikacijskim tehnologijama (IKT),Postotak,Žene,Kupnja ili naručivanje robe ili usluga putem Interneta,25 do 74 godina,Sva područja,35.9
2018,Udio mladih i odraslih sa vještinama u informacijskim i komunikacijskim tehnologijama (IKT),Postotak,Muškarci,Kupnja ili naručivanje robe ili usluga putem Interneta,25 do 74 godina,Sva područja,18.8
2019,Udio mladih i odraslih sa vještinama u informacijskim i komunikacijskim tehnologijama (IKT),Postotak,Muškarci,Kupnja ili naručivanje robe ili usluga putem Interneta,25 do 74 godina,Sva područja,26.9
2020,Udio mladih i odraslih sa vještinama u informacijskim i komunikacijskim tehnologijama (IKT),Postotak,Muškarci,Kupnja ili naručivanje robe ili usluga putem Interneta,25 do 74 godina,Sva područja,23.8
2021,Udio mladih i odraslih sa vještinama u informacijskim i komunikacijskim tehnologijama (IKT),Postotak,Muškarci,Kupnja ili naručivanje robe ili usluga putem Interneta,25 do 74 godina,Sva područja,27.5
2017,Udio mladih i odraslih sa vještinama u informacijskim i komunikacijskim tehnologijama (IKT),Postotak,Oba spola ili bez podjele po spolu,"traženje zdravstvenih informacija (o ozljedama, bolestima, prehrani itd.)",25 do 74 godina,Sva područja,6.1
2018,Udio mladih i odraslih sa vještinama u informacijskim i komunikacijskim tehnologijama (IKT),Postotak,Oba spola ili bez podjele po spolu,"traženje zdravstvenih informacija (o ozljedama, bolestima, prehrani itd.)",25 do 74 godina,Sva područja,53.8
2019,Udio mladih i odraslih sa vještinama u informacijskim i komunikacijskim tehnologijama (IKT),Postotak,Oba spola ili bez podjele po spolu,"traženje zdravstvenih informacija (o ozljedama, bolestima, prehrani itd.)",25 do 74 godina,Sva područja,37.2
2020,Udio mladih i odraslih sa vještinama u informacijskim i komunikacijskim tehnologijama (IKT),Postotak,Oba spola ili bez podjele po spolu,"traženje zdravstvenih informacija (o ozljedama, bolestima, prehrani itd.)",25 do 74 godina,Sva područja,42.6
2021,Udio mladih i odraslih sa vještinama u informacijskim i komunikacijskim tehnologijama (IKT),Postotak,Oba spola ili bez podjele po spolu,"traženje zdravstvenih informacija (o ozljedama, bolestima, prehrani itd.)",25 do 74 godina,Sva područja,59.8
2023,Udio mladih i odraslih sa vještinama u informacijskim i komunikacijskim tehnologijama (IKT),Postotak,Oba spola ili bez podjele po spolu,"traženje zdravstvenih informacija (o ozljedama, bolestima, prehrani itd.)",25 do 74 godina,Sva područja,56.2
2017,Udio mladih i odraslih sa vještinama u informacijskim i komunikacijskim tehnologijama (IKT),Postotak,Žene,"traženje zdravstvenih informacija (o ozljedama, bolestima, prehrani itd.)",25 do 74 godina,Sva područja,5.4
2018,Udio mladih i odraslih sa vještinama u informacijskim i komunikacijskim tehnologijama (IKT),Postotak,Žene,"traženje zdravstvenih informacija (o ozljedama, bolestima, prehrani itd.)",25 do 74 godina,Sva područja,57.1
2019,Udio mladih i odraslih sa vještinama u informacijskim i komunikacijskim tehnologijama (IKT),Postotak,Žene,"traženje zdravstvenih informacija (o ozljedama, bolestima, prehrani itd.)",25 do 74 godina,Sva područja,35.8
2020,Udio mladih i odraslih sa vještinama u informacijskim i komunikacijskim tehnologijama (IKT),Postotak,Žene,"traženje zdravstvenih informacija (o ozljedama, bolestima, prehrani itd.)",25 do 74 godina,Sva područja,44.6
2021,Udio mladih i odraslih sa vještinama u informacijskim i komunikacijskim tehnologijama (IKT),Postotak,Žene,"traženje zdravstvenih informacija (o ozljedama, bolestima, prehrani itd.)",25 do 74 godina,Sva područja,60.8
2023,Udio mladih i odraslih sa vještinama u informacijskim i komunikacijskim tehnologijama (IKT),Postotak,Žene,"traženje zdravstvenih informacija (o ozljedama, bolestima, prehrani itd.)",25 do 74 godina,Sva područja,56.2
2017,Udio mladih i odraslih sa vještinama u informacijskim i komunikacijskim tehnologijama (IKT),Postotak,Muškarci,"traženje zdravstvenih informacija (o ozljedama, bolestima, prehrani itd.)",25 do 74 godina,Sva područja,6.9
2018,Udio mladih i odraslih sa vještinama u informacijskim i komunikacijskim tehnologijama (IKT),Postotak,Muškarci,"traženje zdravstvenih informacija (o ozljedama, bolestima, prehrani itd.)",25 do 74 godina,Sva područja,49.8
2019,Udio mladih i odraslih sa vještinama u informacijskim i komunikacijskim tehnologijama (IKT),Postotak,Muškarci,"traženje zdravstvenih informacija (o ozljedama, bolestima, prehrani itd.)",25 do 74 godina,Sva područja,38.9
2020,Udio mladih i odraslih sa vještinama u informacijskim i komunikacijskim tehnologijama (IKT),Postotak,Muškarci,"traženje zdravstvenih informacija (o ozljedama, bolestima, prehrani itd.)",25 do 74 godina,Sva područja,40.5
2021,Udio mladih i odraslih sa vještinama u informacijskim i komunikacijskim tehnologijama (IKT),Postotak,Muškarci,"traženje zdravstvenih informacija (o ozljedama, bolestima, prehrani itd.)",25 do 74 godina,Sva područja,58.7
2023,Udio mladih i odraslih sa vještinama u informacijskim i komunikacijskim tehnologijama (IKT),Postotak,Muškarci,"traženje zdravstvenih informacija (o ozljedama, bolestima, prehrani itd.)",25 do 74 godina,Sva područja,56.2
2021,Udio mladih i odraslih sa vještinama u informacijskim i komunikacijskim tehnologijama (IKT),Postotak,Oba spola ili bez podjele po spolu,Spajanje i instaliranje novih uređaja,25 do 74 godina,Sva područja,11.5
2023,Udio mladih i odraslih sa vještinama u informacijskim i komunikacijskim tehnologijama (IKT),Postotak,Oba spola ili bez podjele po spolu,Spajanje i instaliranje novih uređaja,25 do 74 godina,Sva područja,12.0
2021,Udio mladih i odraslih sa vještinama u informacijskim i komunikacijskim tehnologijama (IKT),Postotak,Žene,Spajanje i instaliranje novih uređaja,25 do 74 godina,Sva područja,9.9
2023,Udio mladih i odraslih sa vještinama u informacijskim i komunikacijskim tehnologijama (IKT),Postotak,Žene,Spajanje i instaliranje novih uređaja,25 do 74 godina,Sva područja,10.3
2021,Udio mladih i odraslih sa vještinama u informacijskim i komunikacijskim tehnologijama (IKT),Postotak,Muškarci,Spajanje i instaliranje novih uređaja,25 do 74 godina,Sva područja,13.4
2023,Udio mladih i odraslih sa vještinama u informacijskim i komunikacijskim tehnologijama (IKT),Postotak,Muškarci,Spajanje i instaliranje novih uređaja,25 do 74 godina,Sva područja,13.7
2018,Udio mladih i odraslih sa vještinama u informacijskim i komunikacijskim tehnologijama (IKT),Postotak,Oba spola ili bez podjele po spolu,Korištenje Internet bankarstva,25 do 74 godina,Sva područja,7.4
2019,Udio mladih i odraslih sa vještinama u informacijskim i komunikacijskim tehnologijama (IKT),Postotak,Oba spola ili bez podjele po spolu,Korištenje Internet bankarstva,25 do 74 godina,Sva područja,7.2
2020,Udio mladih i odraslih sa vještinama u informacijskim i komunikacijskim tehnologijama (IKT),Postotak,Oba spola ili bez podjele po spolu,Korištenje Internet bankarstva,25 do 74 godina,Sva područja,17.5
2021,Udio mladih i odraslih sa vještinama u informacijskim i komunikacijskim tehnologijama (IKT),Postotak,Oba spola ili bez podjele po spolu,Korištenje Internet bankarstva,25 do 74 godina,Sva područja,17.7
2023,Udio mladih i odraslih sa vještinama u informacijskim i komunikacijskim tehnologijama (IKT),Postotak,Oba spola ili bez podjele po spolu,Korištenje Internet bankarstva,25 do 74 godina,Sva područja,23.2
2018,Udio mladih i odraslih sa vještinama u informacijskim i komunikacijskim tehnologijama (IKT),Postotak,Žene,Korištenje Internet bankarstva,25 do 74 godina,Sva područja,6.4
2019,Udio mladih i odraslih sa vještinama u informacijskim i komunikacijskim tehnologijama (IKT),Postotak,Žene,Korištenje Internet bankarstva,25 do 74 godina,Sva područja,5.7
2020,Udio mladih i odraslih sa vještinama u informacijskim i komunikacijskim tehnologijama (IKT),Postotak,Žene,Korištenje Internet bankarstva,25 do 74 godina,Sva područja,14.6
2021,Udio mladih i odraslih sa vještinama u informacijskim i komunikacijskim tehnologijama (IKT),Postotak,Žene,Korištenje Internet bankarstva,25 do 74 godina,Sva područja,17.4
2023,Udio mladih i odraslih sa vještinama u informacijskim i komunikacijskim tehnologijama (IKT),Postotak,Žene,Korištenje Internet bankarstva,25 do 74 godina,Sva područja,21.1
2018,Udio mladih i odraslih sa vještinama u informacijskim i komunikacijskim tehnologijama (IKT),Postotak,Muškarci,Korištenje Internet bankarstva,25 do 74 godina,Sva područja,8.7
2019,Udio mladih i odraslih sa vještinama u informacijskim i komunikacijskim tehnologijama (IKT),Postotak,Muškarci,Korištenje Internet bankarstva,25 do 74 godina,Sva područja,9.2
2020,Udio mladih i odraslih sa vještinama u informacijskim i komunikacijskim tehnologijama (IKT),Postotak,Muškarci,Korištenje Internet bankarstva,25 do 74 godina,Sva područja,20.6
2021,Udio mladih i odraslih sa vještinama u informacijskim i komunikacijskim tehnologijama (IKT),Postotak,Muškarci,Korištenje Internet bankarstva,25 do 74 godina,Sva područja,17.9
2023,Udio mladih i odraslih sa vještinama u informacijskim i komunikacijskim tehnologijama (IKT),Postotak,Muškarci,Korištenje Internet bankarstva,25 do 74 godina,Sva područja,25.1
2017,Udio mladih i odraslih sa vještinama u informacijskim i komunikacijskim tehnologijama (IKT),Postotak,Oba spola ili bez podjele po spolu,Sudjelovanje u on - line konzultacijama ili glasovanje za definiranje građanskih ili političkih pitanja,25 do 74 godina,Sva područja,2.7
2019,Udio mladih i odraslih sa vještinama u informacijskim i komunikacijskim tehnologijama (IKT),Postotak,Oba spola ili bez podjele po spolu,Sudjelovanje u on - line konzultacijama ili glasovanje za definiranje građanskih ili političkih pitanja,25 do 74 godina,Sva područja,4.9
2021,Udio mladih i odraslih sa vještinama u informacijskim i komunikacijskim tehnologijama (IKT),Postotak,Oba spola ili bez podjele po spolu,Sudjelovanje u on - line konzultacijama ili glasovanje za definiranje građanskih ili političkih pitanja,25 do 74 godina,Sva područja,4.0
2023,Udio mladih i odraslih sa vještinama u informacijskim i komunikacijskim tehnologijama (IKT),Postotak,Oba spola ili bez podjele po spolu,Sudjelovanje u on - line konzultacijama ili glasovanje za definiranje građanskih ili političkih pitanja,25 do 74 godina,Sva područja,4.6
2017,Udio mladih i odraslih sa vještinama u informacijskim i komunikacijskim tehnologijama (IKT),Postotak,Žene,Sudjelovanje u on - line konzultacijama ili glasovanje za definiranje građanskih ili političkih pitanja,25 do 74 godina,Sva područja,2.1
2019,Udio mladih i odraslih sa vještinama u informacijskim i komunikacijskim tehnologijama (IKT),Postotak,Žene,Sudjelovanje u on - line konzultacijama ili glasovanje za definiranje građanskih ili političkih pitanja,25 do 74 godina,Sva područja,4.0
2021,Udio mladih i odraslih sa vještinama u informacijskim i komunikacijskim tehnologijama (IKT),Postotak,Žene,Sudjelovanje u on - line konzultacijama ili glasovanje za definiranje građanskih ili političkih pitanja,25 do 74 godina,Sva područja,4.2
2023,Udio mladih i odraslih sa vještinama u informacijskim i komunikacijskim tehnologijama (IKT),Postotak,Žene,Sudjelovanje u on - line konzultacijama ili glasovanje za definiranje građanskih ili političkih pitanja,25 do 74 godina,Sva područja,4.1
2017,Udio mladih i odraslih sa vještinama u informacijskim i komunikacijskim tehnologijama (IKT),Postotak,Muškarci,Sudjelovanje u on - line konzultacijama ili glasovanje za definiranje građanskih ili političkih pitanja,25 do 74 godina,Sva područja,3.2
2019,Udio mladih i odraslih sa vještinama u informacijskim i komunikacijskim tehnologijama (IKT),Postotak,Muškarci,Sudjelovanje u on - line konzultacijama ili glasovanje za definiranje građanskih ili političkih pitanja,25 do 74 godina,Sva područja,6.0
2021,Udio mladih i odraslih sa vještinama u informacijskim i komunikacijskim tehnologijama (IKT),Postotak,Muškarci,Sudjelovanje u on - line konzultacijama ili glasovanje za definiranje građanskih ili političkih pitanja,25 do 74 godina,Sva područja,3.8
2023,Udio mladih i odraslih sa vještinama u informacijskim i komunikacijskim tehnologijama (IKT),Postotak,Muškarci,Sudjelovanje u on - line konzultacijama ili glasovanje za definiranje građanskih ili političkih pitanja,25 do 74 godina,Sva područja,5.4
2017,Udio mladih i odraslih sa vještinama u informacijskim i komunikacijskim tehnologijama (IKT),Postotak,Oba spola ili bez podjele po spolu,Pisanje računalnog programa pomoću specijaliziranog programskog jezika,25 do 74 godina,Sva područja,1.7
2019,Udio mladih i odraslih sa vještinama u informacijskim i komunikacijskim tehnologijama (IKT),Postotak,Oba spola ili bez podjele po spolu,Pisanje računalnog programa pomoću specijaliziranog programskog jezika,25 do 74 godina,Sva područja,1.2
2017,Udio mladih i odraslih sa vještinama u informacijskim i komunikacijskim tehnologijama (IKT),Postotak,Žene,Pisanje računalnog programa pomoću specijaliziranog programskog jezika,25 do 74 godina,Sva područja,0.7
2019,Udio mladih i odraslih sa vještinama u informacijskim i komunikacijskim tehnologijama (IKT),Postotak,Žene,Pisanje računalnog programa pomoću specijaliziranog programskog jezika,25 do 74 godina,Sva područja,0.6
2017,Udio mladih i odraslih sa vještinama u informacijskim i komunikacijskim tehnologijama (IKT),Postotak,Muškarci,Pisanje računalnog programa pomoću specijaliziranog programskog jezika,25 do 74 godina,Sva područja,2.8
2019,Udio mladih i odraslih sa vještinama u informacijskim i komunikacijskim tehnologijama (IKT),Postotak,Muškarci,Pisanje računalnog programa pomoću specijaliziranog programskog jezika,25 do 74 godina,Sva područja,2.1
2021,Udio mladih i odraslih sa vještinama u informacijskim i komunikacijskim tehnologijama (IKT),Postotak,Oba spola ili bez podjele po spolu,"Promjena postavki privatnosti na vašem uređaju, računu ili aplikaciji kako biste ograničili dijeljenje osobnih podataka i informacija (npr. ime, podaci za kontakt, fotografije)",25 do 74 godina,Sva područja,5.5
2023,Udio mladih i odraslih sa vještinama u informacijskim i komunikacijskim tehnologijama (IKT),Postotak,Oba spola ili bez podjele po spolu,"Promjena postavki privatnosti na vašem uređaju, računu ili aplikaciji kako biste ograničili dijeljenje osobnih podataka i informacija (npr. ime, podaci za kontakt, fotografije)",25 do 74 godina,Sva područja,7.6
2021,Udio mladih i odraslih sa vještinama u informacijskim i komunikacijskim tehnologijama (IKT),Postotak,Žene,"Promjena postavki privatnosti na vašem uređaju, računu ili aplikaciji kako biste ograničili dijeljenje osobnih podataka i informacija (npr. ime, podaci za kontakt, fotografije)",25 do 74 godina,Sva područja,4.4
2023,Udio mladih i odraslih sa vještinama u informacijskim i komunikacijskim tehnologijama (IKT),Postotak,Žene,"Promjena postavki privatnosti na vašem uređaju, računu ili aplikaciji kako biste ograničili dijeljenje osobnih podataka i informacija (npr. ime, podaci za kontakt, fotografije)",25 do 74 godina,Sva područja,5.7
2021,Udio mladih i odraslih sa vještinama u informacijskim i komunikacijskim tehnologijama (IKT),Postotak,Muškarci,"Promjena postavki privatnosti na vašem uređaju, računu ili aplikaciji kako biste ograničili dijeljenje osobnih podataka i informacija (npr. ime, podaci za kontakt, fotografije)",25 do 74 godina,Sva područja,6.9
2023,Udio mladih i odraslih sa vještinama u informacijskim i komunikacijskim tehnologijama (IKT),Postotak,Muškarci,"Promjena postavki privatnosti na vašem uređaju, računu ili aplikaciji kako biste ograničili dijeljenje osobnih podataka i informacija (npr. ime, podaci za kontakt, fotografije)",25 do 74 godina,Sva područja,9.4
2021,Udio mladih i odraslih sa vještinama u informacijskim i komunikacijskim tehnologijama (IKT),Postotak,Oba spola ili bez podjele po spolu,"Postavljanje učinkovitih sigurnosnih mjera (npr. jake lozinke, obavijest o pokušaju prijave) za zaštitu uređaja i mrežnih računa",25 do 74 godina,Sva područja,6.3
2023,Udio mladih i odraslih sa vještinama u informacijskim i komunikacijskim tehnologijama (IKT),Postotak,Oba spola ili bez podjele po spolu,"Postavljanje učinkovitih sigurnosnih mjera (npr. jake lozinke, obavijest o pokušaju prijave) za zaštitu uređaja i mrežnih računa",25 do 74 godina,Sva područja,10.5
2021,Udio mladih i odraslih sa vještinama u informacijskim i komunikacijskim tehnologijama (IKT),Postotak,Žene,"Postavljanje učinkovitih sigurnosnih mjera (npr. jake lozinke, obavijest o pokušaju prijave) za zaštitu uređaja i mrežnih računa",25 do 74 godina,Sva područja,5.6
2023,Udio mladih i odraslih sa vještinama u informacijskim i komunikacijskim tehnologijama (IKT),Postotak,Žene,"Postavljanje učinkovitih sigurnosnih mjera (npr. jake lozinke, obavijest o pokušaju prijave) za zaštitu uređaja i mrežnih računa",25 do 74 godina,Sva područja,7.9
2021,Udio mladih i odraslih sa vještinama u informacijskim i komunikacijskim tehnologijama (IKT),Postotak,Muškarci,"Postavljanje učinkovitih sigurnosnih mjera (npr. jake lozinke, obavijest o pokušaju prijave) za zaštitu uređaja i mrežnih računa",25 do 74 godina,Sva područja,7.0
2023,Udio mladih i odraslih sa vještinama u informacijskim i komunikacijskim tehnologijama (IKT),Postotak,Muškarci,"Postavljanje učinkovitih sigurnosnih mjera (npr. jake lozinke, obavijest o pokušaju prijave) za zaštitu uređaja i mrežnih računa",25 do 74 godina,Sva područja,13.1
2018,Udio mladih i odraslih sa vještinama u informacijskim i komunikacijskim tehnologijama (IKT),Postotak,Oba spola ili bez podjele po spolu,Sudjelovanje u društvenim mrežama,25 do 74 godina,Sva područja,63.9
2019,Udio mladih i odraslih sa vještinama u informacijskim i komunikacijskim tehnologijama (IKT),Postotak,Oba spola ili bez podjele po spolu,Sudjelovanje u društvenim mrežama,25 do 74 godina,Sva područja,65.8
2020,Udio mladih i odraslih sa vještinama u informacijskim i komunikacijskim tehnologijama (IKT),Postotak,Oba spola ili bez podjele po spolu,Sudjelovanje u društvenim mrežama,25 do 74 godina,Sva područja,65.9
2021,Udio mladih i odraslih sa vještinama u informacijskim i komunikacijskim tehnologijama (IKT),Postotak,Oba spola ili bez podjele po spolu,Sudjelovanje u društvenim mrežama,25 do 74 godina,Sva područja,63.0
2023,Udio mladih i odraslih sa vještinama u informacijskim i komunikacijskim tehnologijama (IKT),Postotak,Oba spola ili bez podjele po spolu,Sudjelovanje u društvenim mrežama,25 do 74 godina,Sva područja,66.8
2018,Udio mladih i odraslih sa vještinama u informacijskim i komunikacijskim tehnologijama (IKT),Postotak,Žene,Sudjelovanje u društvenim mrežama,25 do 74 godina,Sva područja,65.3
2019,Udio mladih i odraslih sa vještinama u informacijskim i komunikacijskim tehnologijama (IKT),Postotak,Žene,Sudjelovanje u društvenim mrežama,25 do 74 godina,Sva područja,66.4
2020,Udio mladih i odraslih sa vještinama u informacijskim i komunikacijskim tehnologijama (IKT),Postotak,Žene,Sudjelovanje u društvenim mrežama,25 do 74 godina,Sva područja,65.0
2021,Udio mladih i odraslih sa vještinama u informacijskim i komunikacijskim tehnologijama (IKT),Postotak,Žene,Sudjelovanje u društvenim mrežama,25 do 74 godina,Sva područja,63.3
2023,Udio mladih i odraslih sa vještinama u informacijskim i komunikacijskim tehnologijama (IKT),Postotak,Žene,Sudjelovanje u društvenim mrežama,25 do 74 godina,Sva područja,66.8
2018,Udio mladih i odraslih sa vještinama u informacijskim i komunikacijskim tehnologijama (IKT),Postotak,Muškarci,Sudjelovanje u društvenim mrežama,25 do 74 godina,Sva područja,62.1
2019,Udio mladih i odraslih sa vještinama u informacijskim i komunikacijskim tehnologijama (IKT),Postotak,Muškarci,Sudjelovanje u društvenim mrežama,25 do 74 godina,Sva područja,64.9
2020,Udio mladih i odraslih sa vještinama u informacijskim i komunikacijskim tehnologijama (IKT),Postotak,Muškarci,Sudjelovanje u društvenim mrežama,25 do 74 godina,Sva područja,66.9
2021,Udio mladih i odraslih sa vještinama u informacijskim i komunikacijskim tehnologijama (IKT),Postotak,Muškarci,Sudjelovanje u društvenim mrežama,25 do 74 godina,Sva područja,62.6
2023,Udio mladih i odraslih sa vještinama u informacijskim i komunikacijskim tehnologijama (IKT),Postotak,Muškarci,Sudjelovanje u društvenim mrežama,25 do 74 godina,Sva područja,66.8
2017,Udio mladih i odraslih sa vještinama u informacijskim i komunikacijskim tehnologijama (IKT),Postotak,Oba spola ili bez podjele po spolu,"Pronalaženje, preuzimanje, instaliranje i konfiguriranje softvera",25 do 74 godina,Sva područja,18.5
2021,Udio mladih i odraslih sa vještinama u informacijskim i komunikacijskim tehnologijama (IKT),Postotak,Oba spola ili bez podjele po spolu,"Pronalaženje, preuzimanje, instaliranje i konfiguriranje softvera",25 do 74 godina,Sva područja,29.3
2023,Udio mladih i odraslih sa vještinama u informacijskim i komunikacijskim tehnologijama (IKT),Postotak,Oba spola ili bez podjele po spolu,"Pronalaženje, preuzimanje, instaliranje i konfiguriranje softvera",25 do 74 godina,Sva područja,37.0
2017,Udio mladih i odraslih sa vještinama u informacijskim i komunikacijskim tehnologijama (IKT),Postotak,Žene,"Pronalaženje, preuzimanje, instaliranje i konfiguriranje softvera",25 do 74 godina,Sva područja,16.6
2021,Udio mladih i odraslih sa vještinama u informacijskim i komunikacijskim tehnologijama (IKT),Postotak,Žene,"Pronalaženje, preuzimanje, instaliranje i konfiguriranje softvera",25 do 74 godina,Sva područja,26.1
2023,Udio mladih i odraslih sa vještinama u informacijskim i komunikacijskim tehnologijama (IKT),Postotak,Žene,"Pronalaženje, preuzimanje, instaliranje i konfiguriranje softvera",25 do 74 godina,Sva područja,36.3
2017,Udio mladih i odraslih sa vještinama u informacijskim i komunikacijskim tehnologijama (IKT),Postotak,Muškarci,"Pronalaženje, preuzimanje, instaliranje i konfiguriranje softvera",25 do 74 godina,Sva područja,20.8
2021,Udio mladih i odraslih sa vještinama u informacijskim i komunikacijskim tehnologijama (IKT),Postotak,Muškarci,"Pronalaženje, preuzimanje, instaliranje i konfiguriranje softvera",25 do 74 godina,Sva područja,33.0
2023,Udio mladih i odraslih sa vještinama u informacijskim i komunikacijskim tehnologijama (IKT),Postotak,Muškarci,"Pronalaženje, preuzimanje, instaliranje i konfiguriranje softvera",25 do 74 godina,Sva područja,37.8
2017,Udio mladih i odraslih sa vještinama u informacijskim i komunikacijskim tehnologijama (IKT),Postotak,Oba spola ili bez podjele po spolu,Prijenos datoteka između računala i drugih uređaja,25 do 74 godina,Sva područja,56.2
2019,Udio mladih i odraslih sa vještinama u informacijskim i komunikacijskim tehnologijama (IKT),Postotak,Oba spola ili bez podjele po spolu,Prijenos datoteka između računala i drugih uređaja,25 do 74 godina,Sva područja,45.2
2021,Udio mladih i odraslih sa vještinama u informacijskim i komunikacijskim tehnologijama (IKT),Postotak,Oba spola ili bez podjele po spolu,Prijenos datoteka između računala i drugih uređaja,25 do 74 godina,Sva područja,12.8
2023,Udio mladih i odraslih sa vještinama u informacijskim i komunikacijskim tehnologijama (IKT),Postotak,Oba spola ili bez podjele po spolu,Prijenos datoteka između računala i drugih uređaja,25 do 74 godina,Sva područja,14.4
2017,Udio mladih i odraslih sa vještinama u informacijskim i komunikacijskim tehnologijama (IKT),Postotak,Žene,Prijenos datoteka između računala i drugih uređaja,25 do 74 godina,Sva područja,53.4
2019,Udio mladih i odraslih sa vještinama u informacijskim i komunikacijskim tehnologijama (IKT),Postotak,Žene,Prijenos datoteka između računala i drugih uređaja,25 do 74 godina,Sva područja,45.1
2021,Udio mladih i odraslih sa vještinama u informacijskim i komunikacijskim tehnologijama (IKT),Postotak,Žene,Prijenos datoteka između računala i drugih uređaja,25 do 74 godina,Sva područja,12.4
2023,Udio mladih i odraslih sa vještinama u informacijskim i komunikacijskim tehnologijama (IKT),Postotak,Žene,Prijenos datoteka između računala i drugih uređaja,25 do 74 godina,Sva područja,12.4
2017,Udio mladih i odraslih sa vještinama u informacijskim i komunikacijskim tehnologijama (IKT),Postotak,Muškarci,Prijenos datoteka između računala i drugih uređaja,25 do 74 godina,Sva područja,59.5
2019,Udio mladih i odraslih sa vještinama u informacijskim i komunikacijskim tehnologijama (IKT),Postotak,Muškarci,Prijenos datoteka između računala i drugih uređaja,25 do 74 godina,Sva područja,45.3
2021,Udio mladih i odraslih sa vještinama u informacijskim i komunikacijskim tehnologijama (IKT),Postotak,Muškarci,Prijenos datoteka između računala i drugih uređaja,25 do 74 godina,Sva područja,13.2
2023,Udio mladih i odraslih sa vještinama u informacijskim i komunikacijskim tehnologijama (IKT),Postotak,Muškarci,Prijenos datoteka između računala i drugih uređaja,25 do 74 godina,Sva područja,16.4
2017,Udio mladih i odraslih sa vještinama u informacijskim i komunikacijskim tehnologijama (IKT),Postotak,Oba spola ili bez podjele po spolu,Prijenos sadržaja koji je sam/korisnik stvorio na web mjesto za dijeljenje,25 do 74 godina,Sva područja,43.9
2019,Udio mladih i odraslih sa vještinama u informacijskim i komunikacijskim tehnologijama (IKT),Postotak,Oba spola ili bez podjele po spolu,Prijenos sadržaja koji je sam/korisnik stvorio na web mjesto za dijeljenje,25 do 74 godina,Sva područja,11.3
2020,Udio mladih i odraslih sa vještinama u informacijskim i komunikacijskim tehnologijama (IKT),Postotak,Oba spola ili bez podjele po spolu,Prijenos sadržaja koji je sam/korisnik stvorio na web mjesto za dijeljenje,25 do 74 godina,Sva područja,23.3
2017,Udio mladih i odraslih sa vještinama u informacijskim i komunikacijskim tehnologijama (IKT),Postotak,Žene,Prijenos sadržaja koji je sam/korisnik stvorio na web mjesto za dijeljenje,25 do 74 godina,Sva područja,39.5
2019,Udio mladih i odraslih sa vještinama u informacijskim i komunikacijskim tehnologijama (IKT),Postotak,Žene,Prijenos sadržaja koji je sam/korisnik stvorio na web mjesto za dijeljenje,25 do 74 godina,Sva područja,10.0
2020,Udio mladih i odraslih sa vještinama u informacijskim i komunikacijskim tehnologijama (IKT),Postotak,Žene,Prijenos sadržaja koji je sam/korisnik stvorio na web mjesto za dijeljenje,25 do 74 godina,Sva područja,23.4
2017,Udio mladih i odraslih sa vještinama u informacijskim i komunikacijskim tehnologijama (IKT),Postotak,Muškarci,Prijenos sadržaja koji je sam/korisnik stvorio na web mjesto za dijeljenje,25 do 74 godina,Sva područja,48.6
2019,Udio mladih i odraslih sa vještinama u informacijskim i komunikacijskim tehnologijama (IKT),Postotak,Muškarci,Prijenos sadržaja koji je sam/korisnik stvorio na web mjesto za dijeljenje,25 do 74 godina,Sva područja,13.1
2020,Udio mladih i odraslih sa vještinama u informacijskim i komunikacijskim tehnologijama (IKT),Postotak,Muškarci,Prijenos sadržaja koji je sam/korisnik stvorio na web mjesto za dijeljenje,25 do 74 godina,Sva područja,23.2
2017,Udio mladih i odraslih sa vještinama u informacijskim i komunikacijskim tehnologijama (IKT),Postotak,Oba spola ili bez podjele po spolu,Telefoniranje preko interneta / VoIP,25 do 74 godina,Sva područja,51.2
2018,Udio mladih i odraslih sa vještinama u informacijskim i komunikacijskim tehnologijama (IKT),Postotak,Oba spola ili bez podjele po spolu,Telefoniranje preko interneta / VoIP,25 do 74 godina,Sva područja,80.9
2019,Udio mladih i odraslih sa vještinama u informacijskim i komunikacijskim tehnologijama (IKT),Postotak,Oba spola ili bez podjele po spolu,Telefoniranje preko interneta / VoIP,25 do 74 godina,Sva područja,84.2
2020,Udio mladih i odraslih sa vještinama u informacijskim i komunikacijskim tehnologijama (IKT),Postotak,Oba spola ili bez podjele po spolu,Telefoniranje preko interneta / VoIP,25 do 74 godina,Sva područja,90.6
2021,Udio mladih i odraslih sa vještinama u informacijskim i komunikacijskim tehnologijama (IKT),Postotak,Oba spola ili bez podjele po spolu,Telefoniranje preko interneta / VoIP,25 do 74 godina,Sva područja,92.4
2023,Udio mladih i odraslih sa vještinama u informacijskim i komunikacijskim tehnologijama (IKT),Postotak,Oba spola ili bez podjele po spolu,Telefoniranje preko interneta / VoIP,25 do 74 godina,Sva područja,94.0
2017,Udio mladih i odraslih sa vještinama u informacijskim i komunikacijskim tehnologijama (IKT),Postotak,Žene,Telefoniranje preko interneta / VoIP,25 do 74 godina,Sva područja,54.4
2018,Udio mladih i odraslih sa vještinama u informacijskim i komunikacijskim tehnologijama (IKT),Postotak,Žene,Telefoniranje preko interneta / VoIP,25 do 74 godina,Sva područja,79.9
2019,Udio mladih i odraslih sa vještinama u informacijskim i komunikacijskim tehnologijama (IKT),Postotak,Žene,Telefoniranje preko interneta / VoIP,25 do 74 godina,Sva područja,81.4
2020,Udio mladih i odraslih sa vještinama u informacijskim i komunikacijskim tehnologijama (IKT),Postotak,Žene,Telefoniranje preko interneta / VoIP,25 do 74 godina,Sva područja,90.2
2021,Udio mladih i odraslih sa vještinama u informacijskim i komunikacijskim tehnologijama (IKT),Postotak,Žene,Telefoniranje preko interneta / VoIP,25 do 74 godina,Sva područja,93.1
2023,Udio mladih i odraslih sa vještinama u informacijskim i komunikacijskim tehnologijama (IKT),Postotak,Žene,Telefoniranje preko interneta / VoIP,25 do 74 godina,Sva područja,94.1
2017,Udio mladih i odraslih sa vještinama u informacijskim i komunikacijskim tehnologijama (IKT),Postotak,Muškarci,Telefoniranje preko interneta / VoIP,25 do 74 godina,Sva područja,47.7
2018,Udio mladih i odraslih sa vještinama u informacijskim i komunikacijskim tehnologijama (IKT),Postotak,Muškarci,Telefoniranje preko interneta / VoIP,25 do 74 godina,Sva područja,82.2
2019,Udio mladih i odraslih sa vještinama u informacijskim i komunikacijskim tehnologijama (IKT),Postotak,Muškarci,Telefoniranje preko interneta / VoIP,25 do 74 godina,Sva područja,87.8
2020,Udio mladih i odraslih sa vještinama u informacijskim i komunikacijskim tehnologijama (IKT),Postotak,Muškarci,Telefoniranje preko interneta / VoIP,25 do 74 godina,Sva područja,91.1
2021,Udio mladih i odraslih sa vještinama u informacijskim i komunikacijskim tehnologijama (IKT),Postotak,Muškarci,Telefoniranje preko interneta / VoIP,25 do 74 godina,Sva područja,91.7
2023,Udio mladih i odraslih sa vještinama u informacijskim i komunikacijskim tehnologijama (IKT),Postotak,Muškarci,Telefoniranje preko interneta / VoIP,25 do 74 godina,Sva područja,93.8
2017,Udio mladih i odraslih sa vještinama u informacijskim i komunikacijskim tehnologijama (IKT),Postotak,Oba spola ili bez podjele po spolu,SKILL_ICTARSP,Svi dobni rasponi ili nema podjele po godinama,Sva područja,9.1661
2019,Udio mladih i odraslih sa vještinama u informacijskim i komunikacijskim tehnologijama (IKT),Postotak,Oba spola ili bez podjele po spolu,SKILL_ICTARSP,Svi dobni rasponi ili nema podjele po godinama,Sva područja,7.5297
2021,Udio mladih i odraslih sa vještinama u informacijskim i komunikacijskim tehnologijama (IKT),Postotak,Oba spola ili bez podjele po spolu,SKILL_ICTARSP,Svi dobni rasponi ili nema podjele po godinama,Sva područja,18.0404
2017,Udio mladih i odraslih sa vještinama u informacijskim i komunikacijskim tehnologijama (IKT),Postotak,Oba spola ili bez podjele po spolu,SKILL_ICTCMFL,Svi dobni rasponi ili nema podjele po godinama,Sva područja,59.6343
2019,Udio mladih i odraslih sa vještinama u informacijskim i komunikacijskim tehnologijama (IKT),Postotak,Oba spola ili bez podjele po spolu,SKILL_ICTCMFL,Svi dobni rasponi ili nema podjele po godinama,Sva područja,44.598
2017,Udio mladih i odraslih sa vještinama u informacijskim i komunikacijskim tehnologijama (IKT),Postotak,Oba spola ili bez podjele po spolu,SKILL_ICTCOPA,Svi dobni rasponi ili nema podjele po godinama,Sva područja,28.1461
2019,Udio mladih i odraslih sa vještinama u informacijskim i komunikacijskim tehnologijama (IKT),Postotak,Oba spola ili bez podjele po spolu,SKILL_ICTCOPA,Svi dobni rasponi ili nema podjele po godinama,Sva područja,22.4644
2021,Udio mladih i odraslih sa vještinama u informacijskim i komunikacijskim tehnologijama (IKT),Postotak,Oba spola ili bez podjele po spolu,SKILL_ICTCOPA,Svi dobni rasponi ili nema podjele po godinama,Sva područja,55.3102
2019,Udio mladih i odraslih sa vještinama u informacijskim i komunikacijskim tehnologijama (IKT),Postotak,Oba spola ili bez podjele po spolu,SKILL_ICTEMAIL,Svi dobni rasponi ili nema podjele po godinama,Sva područja,30.0959
2021,Udio mladih i odraslih sa vještinama u informacijskim i komunikacijskim tehnologijama (IKT),Postotak,Oba spola ili bez podjele po spolu,SKILL_ICTEMAIL,Svi dobni rasponi ili nema podjele po godinama,Sva područja,31.7418
2017,Udio mladih i odraslih sa vještinama u informacijskim i komunikacijskim tehnologijama (IKT),Postotak,Oba spola ili bez podjele po spolu,SKILL_ICTEPRS,Svi dobni rasponi ili nema podjele po godinama,Sva područja,12.4585
2019,Udio mladih i odraslih sa vještinama u informacijskim i komunikacijskim tehnologijama (IKT),Postotak,Oba spola ili bez podjele po spolu,SKILL_ICTEPRS,Svi dobni rasponi ili nema podjele po godinama,Sva područja,11.0905
2021,Udio mladih i odraslih sa vještinama u informacijskim i komunikacijskim tehnologijama (IKT),Postotak,Oba spola ili bez podjele po spolu,SKILL_ICTEPRS,Svi dobni rasponi ili nema podjele po godinama,Sva područja,16.2998
2021,Udio mladih i odraslih sa vještinama u informacijskim i komunikacijskim tehnologijama (IKT),Postotak,Oba spola ili bez podjele po spolu,SKILL_INST,Svi dobni rasponi ili nema podjele po godinama,Sva područja,12.2974
2017,Udio mladih i odraslih sa vještinama u informacijskim i komunikacijskim tehnologijama (IKT),Postotak,Oba spola ili bez podjele po spolu,SKILL_ICTPCPR,Svi dobni rasponi ili nema podjele po godinama,Sva područja,2.0869
2019,Udio mladih i odraslih sa vještinama u informacijskim i komunikacijskim tehnologijama (IKT),Postotak,Oba spola ili bez podjele po spolu,SKILL_ICTPCPR,Svi dobni rasponi ili nema podjele po godinama,Sva područja,2.1364
2021,Udio mladih i odraslih sa vještinama u informacijskim i komunikacijskim tehnologijama (IKT),Postotak,Oba spola ili bez podjele po spolu,SKILL_ICTPCPR,Svi dobni rasponi ili nema podjele po godinama,Sva područja,2.0916
2021,Udio mladih i odraslih sa vještinama u informacijskim i komunikacijskim tehnologijama (IKT),Postotak,Oba spola ili bez podjele po spolu,SKILL_PRVCY,Svi dobni rasponi ili nema podjele po godinama,Sva područja,6.7052
2021,Udio mladih i odraslih sa vještinama u informacijskim i komunikacijskim tehnologijama (IKT),Postotak,Oba spola ili bez podjele po spolu,SKILL_SCRTY,Svi dobni rasponi ili nema podjele po godinama,Sva područja,7.2133
2017,Udio mladih i odraslih sa vještinama u informacijskim i komunikacijskim tehnologijama (IKT),Postotak,Oba spola ili bez podjele po spolu,SKILL_ICTSOFT,Svi dobni rasponi ili nema podjele po godinama,Sva područja,22.2927
2021,Udio mladih i odraslih sa vještinama u informacijskim i komunikacijskim tehnologijama (IKT),Postotak,Oba spola ili bez podjele po spolu,SKILL_ICTSOFT,Svi dobni rasponi ili nema podjele po godinama,Sva područja,31.1938
2017,Udio mladih i odraslih sa vještinama u informacijskim i komunikacijskim tehnologijama (IKT),Postotak,Oba spola ili bez podjele po spolu,SKILL_ICTTRAF,Svi dobni rasponi ili nema podjele po godinama,Sva područja,59.7417
2019,Udio mladih i odraslih sa vještinama u informacijskim i komunikacijskim tehnologijama (IKT),Postotak,Oba spola ili bez podjele po spolu,SKILL_ICTTRAF,Svi dobni rasponi ili nema podjele po godinama,Sva područja,49.0272
2021,Udio mladih i odraslih sa vještinama u informacijskim i komunikacijskim tehnologijama (IKT),Postotak,Oba spola ili bez podjele po spolu,SKILL_ICTTRAF,Svi dobni rasponi ili nema podjele po godinama,Sva područja,14.8963
2017,Udio mladih i odraslih sa vještinama u informacijskim i komunikacijskim tehnologijama (IKT),Postotak,Žene,SKILL_ICTARSP,Svi dobni rasponi ili nema podjele po godinama,Sva područja,9.2994
2019,Udio mladih i odraslih sa vještinama u informacijskim i komunikacijskim tehnologijama (IKT),Postotak,Žene,SKILL_ICTARSP,Svi dobni rasponi ili nema podjele po godinama,Sva područja,6.2816
2017,Udio mladih i odraslih sa vještinama u informacijskim i komunikacijskim tehnologijama (IKT),Postotak,Žene,SKILL_ICTCMFL,Svi dobni rasponi ili nema podjele po godinama,Sva područja,57.9513
2019,Udio mladih i odraslih sa vještinama u informacijskim i komunikacijskim tehnologijama (IKT),Postotak,Žene,SKILL_ICTCMFL,Svi dobni rasponi ili nema podjele po godinama,Sva područja,43.3625
2017,Udio mladih i odraslih sa vještinama u informacijskim i komunikacijskim tehnologijama (IKT),Postotak,Žene,SKILL_ICTCOPA,Svi dobni rasponi ili nema podjele po godinama,Sva područja,25.8782
2019,Udio mladih i odraslih sa vještinama u informacijskim i komunikacijskim tehnologijama (IKT),Postotak,Žene,SKILL_ICTCOPA,Svi dobni rasponi ili nema podjele po godinama,Sva područja,19.2888
2021,Udio mladih i odraslih sa vještinama u informacijskim i komunikacijskim tehnologijama (IKT),Postotak,Žene,SKILL_ICTCOPA,Svi dobni rasponi ili nema podjele po godinama,Sva područja,53.1953
2019,Udio mladih i odraslih sa vještinama u informacijskim i komunikacijskim tehnologijama (IKT),Postotak,Žene,SKILL_ICTEMAIL,Svi dobni rasponi ili nema podjele po godinama,Sva područja,26.1279
2021,Udio mladih i odraslih sa vještinama u informacijskim i komunikacijskim tehnologijama (IKT),Postotak,Žene,SKILL_ICTEMAIL,Svi dobni rasponi ili nema podjele po godinama,Sva područja,30.5263
2017,Udio mladih i odraslih sa vještinama u informacijskim i komunikacijskim tehnologijama (IKT),Postotak,Žene,SKILL_ICTEPRS,Svi dobni rasponi ili nema podjele po godinama,Sva područja,10.6731
2019,Udio mladih i odraslih sa vještinama u informacijskim i komunikacijskim tehnologijama (IKT),Postotak,Žene,SKILL_ICTEPRS,Svi dobni rasponi ili nema podjele po godinama,Sva područja,9.2455
2021,Udio mladih i odraslih sa vještinama u informacijskim i komunikacijskim tehnologijama (IKT),Postotak,Žene,SKILL_ICTEPRS,Svi dobni rasponi ili nema podjele po godinama,Sva područja,14.9913
2021,Udio mladih i odraslih sa vještinama u informacijskim i komunikacijskim tehnologijama (IKT),Postotak,Žene,SKILL_INST,Svi dobni rasponi ili nema podjele po godinama,Sva područja,10.6104
2017,Udio mladih i odraslih sa vještinama u informacijskim i komunikacijskim tehnologijama (IKT),Postotak,Žene,SKILL_ICTPCPR,Svi dobni rasponi ili nema podjele po godinama,Sva područja,1.0229
2019,Udio mladih i odraslih sa vještinama u informacijskim i komunikacijskim tehnologijama (IKT),Postotak,Žene,SKILL_ICTPCPR,Svi dobni rasponi ili nema podjele po godinama,Sva područja,0.9875
2021,Udio mladih i odraslih sa vještinama u informacijskim i komunikacijskim tehnologijama (IKT),Postotak,Žene,SKILL_PRVCY,Svi dobni rasponi ili nema podjele po godinama,Sva područja,5.5371
2021,Udio mladih i odraslih sa vještinama u informacijskim i komunikacijskim tehnologijama (IKT),Postotak,Žene,SKILL_SCRTY,Svi dobni rasponi ili nema podjele po godinama,Sva područja,6.5549
2017,Udio mladih i odraslih sa vještinama u informacijskim i komunikacijskim tehnologijama (IKT),Postotak,Žene,SKILL_ICTSOFT,Svi dobni rasponi ili nema podjele po godinama,Sva područja,19.9007
2021,Udio mladih i odraslih sa vještinama u informacijskim i komunikacijskim tehnologijama (IKT),Postotak,Žene,SKILL_ICTSOFT,Svi dobni rasponi ili nema podjele po godinama,Sva područja,28.4686
2017,Udio mladih i odraslih sa vještinama u informacijskim i komunikacijskim tehnologijama (IKT),Postotak,Žene,SKILL_ICTTRAF,Svi dobni rasponi ili nema podjele po godinama,Sva područja,56.432
2019,Udio mladih i odraslih sa vještinama u informacijskim i komunikacijskim tehnologijama (IKT),Postotak,Žene,SKILL_ICTTRAF,Svi dobni rasponi ili nema podjele po godinama,Sva područja,46.9372
2021,Udio mladih i odraslih sa vještinama u informacijskim i komunikacijskim tehnologijama (IKT),Postotak,Žene,SKILL_ICTTRAF,Svi dobni rasponi ili nema podjele po godinama,Sva područja,14.6411
2017,Udio mladih i odraslih sa vještinama u informacijskim i komunikacijskim tehnologijama (IKT),Postotak,Muškarci,SKILL_ICTARSP,Svi dobni rasponi ili nema podjele po godinama,Sva područja,9.0173
2019,Udio mladih i odraslih sa vještinama u informacijskim i komunikacijskim tehnologijama (IKT),Postotak,Muškarci,SKILL_ICTARSP,Svi dobni rasponi ili nema podjele po godinama,Sva područja,8.9678
2017,Udio mladih i odraslih sa vještinama u informacijskim i komunikacijskim tehnologijama (IKT),Postotak,Muškarci,SKILL_ICTCMFL,Svi dobni rasponi ili nema podjele po godinama,Sva područja,61.5149
2019,Udio mladih i odraslih sa vještinama u informacijskim i komunikacijskim tehnologijama (IKT),Postotak,Muškarci,SKILL_ICTCMFL,Svi dobni rasponi ili nema podjele po godinama,Sva područja,46.0217
2017,Udio mladih i odraslih sa vještinama u informacijskim i komunikacijskim tehnologijama (IKT),Postotak,Muškarci,SKILL_ICTCOPA,Svi dobni rasponi ili nema podjele po godinama,Sva područja,30.6802
2019,Udio mladih i odraslih sa vještinama u informacijskim i komunikacijskim tehnologijama (IKT),Postotak,Muškarci,SKILL_ICTCOPA,Svi dobni rasponi ili nema podjele po godinama,Sva područja,26.1235
2021,Udio mladih i odraslih sa vještinama u informacijskim i komunikacijskim tehnologijama (IKT),Postotak,Muškarci,SKILL_ICTCOPA,Svi dobni rasponi ili nema podjele po godinama,Sva područja,57.766
2019,Udio mladih i odraslih sa vještinama u informacijskim i komunikacijskim tehnologijama (IKT),Postotak,Muškarci,SKILL_ICTEMAIL,Svi dobni rasponi ili nema podjele po godinama,Sva područja,34.6681
2021,Udio mladih i odraslih sa vještinama u informacijskim i komunikacijskim tehnologijama (IKT),Postotak,Muškarci,SKILL_ICTEMAIL,Svi dobni rasponi ili nema podjele po godinama,Sva područja,33.1533
2017,Udio mladih i odraslih sa vještinama u informacijskim i komunikacijskim tehnologijama (IKT),Postotak,Muškarci,SKILL_ICTEPRS,Svi dobni rasponi ili nema podjele po godinama,Sva područja,14.4534
2019,Udio mladih i odraslih sa vještinama u informacijskim i komunikacijskim tehnologijama (IKT),Postotak,Muškarci,SKILL_ICTEPRS,Svi dobni rasponi ili nema podjele po godinama,Sva područja,13.2163
2021,Udio mladih i odraslih sa vještinama u informacijskim i komunikacijskim tehnologijama (IKT),Postotak,Muškarci,SKILL_ICTEPRS,Svi dobni rasponi ili nema podjele po godinama,Sva područja,17.8193
2021,Udio mladih i odraslih sa vještinama u informacijskim i komunikacijskim tehnologijama (IKT),Postotak,Muškarci,SKILL_INST,Svi dobni rasponi ili nema podjele po godinama,Sva područja,14.2564
2017,Udio mladih i odraslih sa vještinama u informacijskim i komunikacijskim tehnologijama (IKT),Postotak,Muškarci,SKILL_ICTPCPR,Svi dobni rasponi ili nema podjele po godinama,Sva područja,3.2758
2019,Udio mladih i odraslih sa vještinama u informacijskim i komunikacijskim tehnologijama (IKT),Postotak,Muškarci,SKILL_ICTPCPR,Svi dobni rasponi ili nema podjele po godinama,Sva područja,3.4602
2021,Udio mladih i odraslih sa vještinama u informacijskim i komunikacijskim tehnologijama (IKT),Postotak,Muškarci,SKILL_PRVCY,Svi dobni rasponi ili nema podjele po godinama,Sva područja,8.0617
2021,Udio mladih i odraslih sa vještinama u informacijskim i komunikacijskim tehnologijama (IKT),Postotak,Muškarci,SKILL_SCRTY,Svi dobni rasponi ili nema podjele po godinama,Sva područja,7.9778
2017,Udio mladih i odraslih sa vještinama u informacijskim i komunikacijskim tehnologijama (IKT),Postotak,Muškarci,SKILL_ICTSOFT,Svi dobni rasponi ili nema podjele po godinama,Sva područja,24.9654
2021,Udio mladih i odraslih sa vještinama u informacijskim i komunikacijskim tehnologijama (IKT),Postotak,Muškarci,SKILL_ICTSOFT,Svi dobni rasponi ili nema podjele po godinama,Sva područja,34.3584
2017,Udio mladih i odraslih sa vještinama u informacijskim i komunikacijskim tehnologijama (IKT),Postotak,Muškarci,SKILL_ICTTRAF,Svi dobni rasponi ili nema podjele po godinama,Sva područja,63.4398
2019,Udio mladih i odraslih sa vještinama u informacijskim i komunikacijskim tehnologijama (IKT),Postotak,Muškarci,SKILL_ICTTRAF,Svi dobni rasponi ili nema podjele po godinama,Sva područja,51.4354
2021,Udio mladih i odraslih sa vještinama u informacijskim i komunikacijskim tehnologijama (IKT),Postotak,Muškarci,SKILL_ICTTRAF,Svi dobni rasponi ili nema podjele po godinama,Sva područja,15.1926
2017,Udio mladih i odraslih sa vještinama u informacijskim i komunikacijskim tehnologijama (IKT),Postotak,Oba spola ili bez podjele po spolu,SKILL_ICTARSP,Svi dobni rasponi ili nema podjele po godinama,Ruralno,7.421
2019,Udio mladih i odraslih sa vještinama u informacijskim i komunikacijskim tehnologijama (IKT),Postotak,Oba spola ili bez podjele po spolu,SKILL_ICTARSP,Svi dobni rasponi ili nema podjele po godinama,Ruralno,5.467
2017,Udio mladih i odraslih sa vještinama u informacijskim i komunikacijskim tehnologijama (IKT),Postotak,Oba spola ili bez podjele po spolu,SKILL_ICTCMFL,Svi dobni rasponi ili nema podjele po godinama,Ruralno,55.4858
2019,Udio mladih i odraslih sa vještinama u informacijskim i komunikacijskim tehnologijama (IKT),Postotak,Oba spola ili bez podjele po spolu,SKILL_ICTCMFL,Svi dobni rasponi ili nema podjele po godinama,Ruralno,41.8245
2017,Udio mladih i odraslih sa vještinama u informacijskim i komunikacijskim tehnologijama (IKT),Postotak,Oba spola ili bez podjele po spolu,SKILL_ICTCOPA,Svi dobni rasponi ili nema podjele po godinama,Ruralno,23.8352
2019,Udio mladih i odraslih sa vještinama u informacijskim i komunikacijskim tehnologijama (IKT),Postotak,Oba spola ili bez podjele po spolu,SKILL_ICTCOPA,Svi dobni rasponi ili nema podjele po godinama,Ruralno,19.3842
2021,Udio mladih i odraslih sa vještinama u informacijskim i komunikacijskim tehnologijama (IKT),Postotak,Oba spola ili bez podjele po spolu,SKILL_ICTCOPA,Svi dobni rasponi ili nema podjele po godinama,Ruralno,52.9316
2019,Udio mladih i odraslih sa vještinama u informacijskim i komunikacijskim tehnologijama (IKT),Postotak,Oba spola ili bez podjele po spolu,SKILL_ICTEMAIL,Svi dobni rasponi ili nema podjele po godinama,Ruralno,24.9428
2021,Udio mladih i odraslih sa vještinama u informacijskim i komunikacijskim tehnologijama (IKT),Postotak,Oba spola ili bez podjele po spolu,SKILL_ICTEMAIL,Svi dobni rasponi ili nema podjele po godinama,Ruralno,29.1615
2017,Udio mladih i odraslih sa vještinama u informacijskim i komunikacijskim tehnologijama (IKT),Postotak,Oba spola ili bez podjele po spolu,SKILL_ICTEPRS,Svi dobni rasponi ili nema podjele po godinama,Ruralno,7.6358
2019,Udio mladih i odraslih sa vještinama u informacijskim i komunikacijskim tehnologijama (IKT),Postotak,Oba spola ili bez podjele po spolu,SKILL_ICTEPRS,Svi dobni rasponi ili nema podjele po godinama,Ruralno,8.4952
2021,Udio mladih i odraslih sa vještinama u informacijskim i komunikacijskim tehnologijama (IKT),Postotak,Oba spola ili bez podjele po spolu,SKILL_ICTEPRS,Svi dobni rasponi ili nema podjele po godinama,Ruralno,14.4463
2021,Udio mladih i odraslih sa vještinama u informacijskim i komunikacijskim tehnologijama (IKT),Postotak,Oba spola ili bez podjele po spolu,SKILL_INST,Svi dobni rasponi ili nema podjele po godinama,Ruralno,10.5366
2017,Udio mladih i odraslih sa vještinama u informacijskim i komunikacijskim tehnologijama (IKT),Postotak,Oba spola ili bez podjele po spolu,SKILL_ICTPCPR,Svi dobni rasponi ili nema podjele po godinama,Ruralno,1.8052
2019,Udio mladih i odraslih sa vještinama u informacijskim i komunikacijskim tehnologijama (IKT),Postotak,Oba spola ili bez podjele po spolu,SKILL_ICTPCPR,Svi dobni rasponi ili nema podjele po godinama,Ruralno,1.8106
2021,Udio mladih i odraslih sa vještinama u informacijskim i komunikacijskim tehnologijama (IKT),Postotak,Oba spola ili bez podjele po spolu,SKILL_PRVCY,Svi dobni rasponi ili nema podjele po godinama,Ruralno,5.0968
2021,Udio mladih i odraslih sa vještinama u informacijskim i komunikacijskim tehnologijama (IKT),Postotak,Oba spola ili bez podjele po spolu,SKILL_SCRTY,Svi dobni rasponi ili nema podjele po godinama,Ruralno,6.1761
2017,Udio mladih i odraslih sa vještinama u informacijskim i komunikacijskim tehnologijama (IKT),Postotak,Oba spola ili bez podjele po spolu,SKILL_ICTSOFT,Svi dobni rasponi ili nema podjele po godinama,Ruralno,18.2172
2021,Udio mladih i odraslih sa vještinama u informacijskim i komunikacijskim tehnologijama (IKT),Postotak,Oba spola ili bez podjele po spolu,SKILL_ICTSOFT,Svi dobni rasponi ili nema podjele po godinama,Ruralno,29.5152
2017,Udio mladih i odraslih sa vještinama u informacijskim i komunikacijskim tehnologijama (IKT),Postotak,Oba spola ili bez podjele po spolu,SKILL_ICTTRAF,Svi dobni rasponi ili nema podjele po godinama,Ruralno,56.9408
2019,Udio mladih i odraslih sa vještinama u informacijskim i komunikacijskim tehnologijama (IKT),Postotak,Oba spola ili bez podjele po spolu,SKILL_ICTTRAF,Svi dobni rasponi ili nema podjele po godinama,Ruralno,46.0333
2021,Udio mladih i odraslih sa vještinama u informacijskim i komunikacijskim tehnologijama (IKT),Postotak,Oba spola ili bez podjele po spolu,SKILL_ICTTRAF,Svi dobni rasponi ili nema podjele po godinama,Ruralno,12.8297
2017,Udio mladih i odraslih sa vještinama u informacijskim i komunikacijskim tehnologijama (IKT),Postotak,Žene,SKILL_ICTARSP,Svi dobni rasponi ili nema podjele po godinama,Ruralno,7.5968
2019,Udio mladih i odraslih sa vještinama u informacijskim i komunikacijskim tehnologijama (IKT),Postotak,Žene,SKILL_ICTARSP,Svi dobni rasponi ili nema podjele po godinama,Ruralno,4.5667
2017,Udio mladih i odraslih sa vještinama u informacijskim i komunikacijskim tehnologijama (IKT),Postotak,Žene,SKILL_ICTCMFL,Svi dobni rasponi ili nema podjele po godinama,Ruralno,52.5243
2019,Udio mladih i odraslih sa vještinama u informacijskim i komunikacijskim tehnologijama (IKT),Postotak,Žene,SKILL_ICTCMFL,Svi dobni rasponi ili nema podjele po godinama,Ruralno,42.3697
2017,Udio mladih i odraslih sa vještinama u informacijskim i komunikacijskim tehnologijama (IKT),Postotak,Žene,SKILL_ICTCOPA,Svi dobni rasponi ili nema podjele po godinama,Ruralno,20.5193
2019,Udio mladih i odraslih sa vještinama u informacijskim i komunikacijskim tehnologijama (IKT),Postotak,Žene,SKILL_ICTCOPA,Svi dobni rasponi ili nema podjele po godinama,Ruralno,16.4503
2021,Udio mladih i odraslih sa vještinama u informacijskim i komunikacijskim tehnologijama (IKT),Postotak,Žene,SKILL_ICTCOPA,Svi dobni rasponi ili nema podjele po godinama,Ruralno,51.6408
2019,Udio mladih i odraslih sa vještinama u informacijskim i komunikacijskim tehnologijama (IKT),Postotak,Žene,SKILL_ICTEMAIL,Svi dobni rasponi ili nema podjele po godinama,Ruralno,22.0356
2021,Udio mladih i odraslih sa vještinama u informacijskim i komunikacijskim tehnologijama (IKT),Postotak,Žene,SKILL_ICTEMAIL,Svi dobni rasponi ili nema podjele po godinama,Ruralno,27.5185
2017,Udio mladih i odraslih sa vještinama u informacijskim i komunikacijskim tehnologijama (IKT),Postotak,Žene,SKILL_ICTEPRS,Svi dobni rasponi ili nema podjele po godinama,Ruralno,6.0521
2019,Udio mladih i odraslih sa vještinama u informacijskim i komunikacijskim tehnologijama (IKT),Postotak,Žene,SKILL_ICTEPRS,Svi dobni rasponi ili nema podjele po godinama,Ruralno,6.2373
2021,Udio mladih i odraslih sa vještinama u informacijskim i komunikacijskim tehnologijama (IKT),Postotak,Žene,SKILL_ICTEPRS,Svi dobni rasponi ili nema podjele po godinama,Ruralno,12.6906
2021,Udio mladih i odraslih sa vještinama u informacijskim i komunikacijskim tehnologijama (IKT),Postotak,Žene,SKILL_INST,Svi dobni rasponi ili nema podjele po godinama,Ruralno,9.5598
2017,Udio mladih i odraslih sa vještinama u informacijskim i komunikacijskim tehnologijama (IKT),Postotak,Žene,SKILL_ICTPCPR,Svi dobni rasponi ili nema podjele po godinama,Ruralno,0.866
2019,Udio mladih i odraslih sa vještinama u informacijskim i komunikacijskim tehnologijama (IKT),Postotak,Žene,SKILL_ICTPCPR,Svi dobni rasponi ili nema podjele po godinama,Ruralno,0.7671
2021,Udio mladih i odraslih sa vještinama u informacijskim i komunikacijskim tehnologijama (IKT),Postotak,Žene,SKILL_PRVCY,Svi dobni rasponi ili nema podjele po godinama,Ruralno,3.1001
2021,Udio mladih i odraslih sa vještinama u informacijskim i komunikacijskim tehnologijama (IKT),Postotak,Žene,SKILL_SCRTY,Svi dobni rasponi ili nema podjele po godinama,Ruralno,5.0127
2017,Udio mladih i odraslih sa vještinama u informacijskim i komunikacijskim tehnologijama (IKT),Postotak,Žene,SKILL_ICTSOFT,Svi dobni rasponi ili nema podjele po godinama,Ruralno,14.9522
2021,Udio mladih i odraslih sa vještinama u informacijskim i komunikacijskim tehnologijama (IKT),Postotak,Žene,SKILL_ICTSOFT,Svi dobni rasponi ili nema podjele po godinama,Ruralno,25.3805
2017,Udio mladih i odraslih sa vještinama u informacijskim i komunikacijskim tehnologijama (IKT),Postotak,Žene,SKILL_ICTTRAF,Svi dobni rasponi ili nema podjele po godinama,Ruralno,52.885
2019,Udio mladih i odraslih sa vještinama u informacijskim i komunikacijskim tehnologijama (IKT),Postotak,Žene,SKILL_ICTTRAF,Svi dobni rasponi ili nema podjele po godinama,Ruralno,45.3787
2021,Udio mladih i odraslih sa vještinama u informacijskim i komunikacijskim tehnologijama (IKT),Postotak,Žene,SKILL_ICTTRAF,Svi dobni rasponi ili nema podjele po godinama,Ruralno,11.9402
2017,Udio mladih i odraslih sa vještinama u informacijskim i komunikacijskim tehnologijama (IKT),Postotak,Muškarci,SKILL_ICTARSP,Svi dobni rasponi ili nema podjele po godinama,Ruralno,7.2317
2019,Udio mladih i odraslih sa vještinama u informacijskim i komunikacijskim tehnologijama (IKT),Postotak,Muškarci,SKILL_ICTARSP,Svi dobni rasponi ili nema podjele po godinama,Ruralno,6.4014
2017,Udio mladih i odraslih sa vještinama u informacijskim i komunikacijskim tehnologijama (IKT),Postotak,Muškarci,SKILL_ICTCMFL,Svi dobni rasponi ili nema podjele po godinama,Ruralno,58.6738
2019,Udio mladih i odraslih sa vještinama u informacijskim i komunikacijskim tehnologijama (IKT),Postotak,Muškarci,SKILL_ICTCMFL,Svi dobni rasponi ili nema podjele po godinama,Ruralno,41.2586
2017,Udio mladih i odraslih sa vještinama u informacijskim i komunikacijskim tehnologijama (IKT),Postotak,Muškarci,SKILL_ICTCOPA,Svi dobni rasponi ili nema podjele po godinama,Ruralno,27.4049
2019,Udio mladih i odraslih sa vještinama u informacijskim i komunikacijskim tehnologijama (IKT),Postotak,Muškarci,SKILL_ICTCOPA,Svi dobni rasponi ili nema podjele po godinama,Ruralno,22.4293
2021,Udio mladih i odraslih sa vještinama u informacijskim i komunikacijskim tehnologijama (IKT),Postotak,Muškarci,SKILL_ICTCOPA,Svi dobni rasponi ili nema podjele po godinama,Ruralno,54.366
2019,Udio mladih i odraslih sa vještinama u informacijskim i komunikacijskim tehnologijama (IKT),Postotak,Muškarci,SKILL_ICTEMAIL,Svi dobni rasponi ili nema podjele po godinama,Ruralno,27.9602
2021,Udio mladih i odraslih sa vještinama u informacijskim i komunikacijskim tehnologijama (IKT),Postotak,Muškarci,SKILL_ICTEMAIL,Svi dobni rasponi ili nema podjele po godinama,Ruralno,30.9871
2017,Udio mladih i odraslih sa vještinama u informacijskim i komunikacijskim tehnologijama (IKT),Postotak,Muškarci,SKILL_ICTEPRS,Svi dobni rasponi ili nema podjele po godinama,Ruralno,9.3406
2019,Udio mladih i odraslih sa vještinama u informacijskim i komunikacijskim tehnologijama (IKT),Postotak,Muškarci,SKILL_ICTEPRS,Svi dobni rasponi ili nema podjele po godinama,Ruralno,10.8388
2021,Udio mladih i odraslih sa vještinama u informacijskim i komunikacijskim tehnologijama (IKT),Postotak,Muškarci,SKILL_ICTEPRS,Svi dobni rasponi ili nema podjele po godinama,Ruralno,16.3971
2021,Udio mladih i odraslih sa vještinama u informacijskim i komunikacijskim tehnologijama (IKT),Postotak,Muškarci,SKILL_INST,Svi dobni rasponi ili nema podjele po godinama,Ruralno,11.622
2017,Udio mladih i odraslih sa vještinama u informacijskim i komunikacijskim tehnologijama (IKT),Postotak,Muškarci,SKILL_ICTPCPR,Svi dobni rasponi ili nema podjele po godinama,Ruralno,2.8163
2019,Udio mladih i odraslih sa vještinama u informacijskim i komunikacijskim tehnologijama (IKT),Postotak,Muškarci,SKILL_ICTPCPR,Svi dobni rasponi ili nema podjele po godinama,Ruralno,2.8937
2021,Udio mladih i odraslih sa vještinama u informacijskim i komunikacijskim tehnologijama (IKT),Postotak,Muškarci,SKILL_PRVCY,Svi dobni rasponi ili nema podjele po godinama,Ruralno,7.3155
2021,Udio mladih i odraslih sa vještinama u informacijskim i komunikacijskim tehnologijama (IKT),Postotak,Muškarci,SKILL_SCRTY,Svi dobni rasponi ili nema podjele po godinama,Ruralno,7.4688
2017,Udio mladih i odraslih sa vještinama u informacijskim i komunikacijskim tehnologijama (IKT),Postotak,Muškarci,SKILL_ICTSOFT,Svi dobni rasponi ili nema podjele po godinama,Ruralno,21.732
2021,Udio mladih i odraslih sa vještinama u informacijskim i komunikacijskim tehnologijama (IKT),Postotak,Muškarci,SKILL_ICTSOFT,Svi dobni rasponi ili nema podjele po godinama,Ruralno,34.1096
2017,Udio mladih i odraslih sa vještinama u informacijskim i komunikacijskim tehnologijama (IKT),Postotak,Muškarci,SKILL_ICTTRAF,Svi dobni rasponi ili nema podjele po godinama,Ruralno,61.3069
2019,Udio mladih i odraslih sa vještinama u informacijskim i komunikacijskim tehnologijama (IKT),Postotak,Muškarci,SKILL_ICTTRAF,Svi dobni rasponi ili nema podjele po godinama,Ruralno,46.7127
2021,Udio mladih i odraslih sa vještinama u informacijskim i komunikacijskim tehnologijama (IKT),Postotak,Muškarci,SKILL_ICTTRAF,Svi dobni rasponi ili nema podjele po godinama,Ruralno,13.818
2017,Udio mladih i odraslih sa vještinama u informacijskim i komunikacijskim tehnologijama (IKT),Postotak,Oba spola ili bez podjele po spolu,SKILL_ICTARSP,Svi dobni rasponi ili nema podjele po godinama,Urbano,11.5718
2019,Udio mladih i odraslih sa vještinama u informacijskim i komunikacijskim tehnologijama (IKT),Postotak,Oba spola ili bez podjele po spolu,SKILL_ICTARSP,Svi dobni rasponi ili nema podjele po godinama,Urbano,10.3254
2017,Udio mladih i odraslih sa vještinama u informacijskim i komunikacijskim tehnologijama (IKT),Postotak,Oba spola ili bez podjele po spolu,SKILL_ICTCMFL,Svi dobni rasponi ili nema podjele po godinama,Urbano,65.3526
2019,Udio mladih i odraslih sa vještinama u informacijskim i komunikacijskim tehnologijama (IKT),Postotak,Oba spola ili bez podjele po spolu,SKILL_ICTCMFL,Svi dobni rasponi ili nema podjele po godinama,Urbano,48.3572
2017,Udio mladih i odraslih sa vještinama u informacijskim i komunikacijskim tehnologijama (IKT),Postotak,Oba spola ili bez podjele po spolu,SKILL_ICTCOPA,Svi dobni rasponi ili nema podjele po godinama,Urbano,26.6393
2019,Udio mladih i odraslih sa vještinama u informacijskim i komunikacijskim tehnologijama (IKT),Postotak,Oba spola ili bez podjele po spolu,SKILL_ICTCOPA,Svi dobni rasponi ili nema podjele po godinama,Urbano,19.3842
2021,Udio mladih i odraslih sa vještinama u informacijskim i komunikacijskim tehnologijama (IKT),Postotak,Oba spola ili bez podjele po spolu,SKILL_ICTCOPA,Svi dobni rasponi ili nema podjele po godinama,Urbano,58.5006
2019,Udio mladih i odraslih sa vještinama u informacijskim i komunikacijskim tehnologijama (IKT),Postotak,Oba spola ili bez podjele po spolu,SKILL_ICTEMAIL,Svi dobni rasponi ili nema podjele po godinama,Urbano,37.0803
2021,Udio mladih i odraslih sa vještinama u informacijskim i komunikacijskim tehnologijama (IKT),Postotak,Oba spola ili bez podjele po spolu,SKILL_ICTEMAIL,Svi dobni rasponi ili nema podjele po godinama,Urbano,35.2029
2017,Udio mladih i odraslih sa vještinama u informacijskim i komunikacijskim tehnologijama (IKT),Postotak,Oba spola ili bez podjele po spolu,SKILL_ICTEPRS,Svi dobni rasponi ili nema podjele po godinama,Urbano,19.1059
2019,Udio mladih i odraslih sa vještinama u informacijskim i komunikacijskim tehnologijama (IKT),Postotak,Oba spola ili bez podjele po spolu,SKILL_ICTEPRS,Svi dobni rasponi ili nema podjele po godinama,Urbano,14.608
2021,Udio mladih i odraslih sa vještinama u informacijskim i komunikacijskim tehnologijama (IKT),Postotak,Oba spola ili bez podjele po spolu,SKILL_ICTEPRS,Svi dobni rasponi ili nema podjele po godinama,Urbano,18.786
2021,Udio mladih i odraslih sa vještinama u informacijskim i komunikacijskim tehnologijama (IKT),Postotak,Oba spola ili bez podjele po spolu,SKILL_INST,Svi dobni rasponi ili nema podjele po godinama,Urbano,14.6593
2017,Udio mladih i odraslih sa vještinama u informacijskim i komunikacijskim tehnologijama (IKT),Postotak,Oba spola ili bez podjele po spolu,SKILL_ICTPCPR,Svi dobni rasponi ili nema podjele po godinama,Urbano,2.4752
2019,Udio mladih i odraslih sa vještinama u informacijskim i komunikacijskim tehnologijama (IKT),Postotak,Oba spola ili bez podjele po spolu,SKILL_ICTPCPR,Svi dobni rasponi ili nema podjele po godinama,Urbano,2.578
2021,Udio mladih i odraslih sa vještinama u informacijskim i komunikacijskim tehnologijama (IKT),Postotak,Oba spola ili bez podjele po spolu,SKILL_PRVCY,Svi dobni rasponi ili nema podjele po godinama,Urbano,8.8627
2021,Udio mladih i odraslih sa vještinama u informacijskim i komunikacijskim tehnologijama (IKT),Postotak,Oba spola ili bez podjele po spolu,SKILL_SCRTY,Svi dobni rasponi ili nema podjele po godinama,Urbano,8.6045
2017,Udio mladih i odraslih sa vještinama u informacijskim i komunikacijskim tehnologijama (IKT),Postotak,Oba spola ili bez podjele po spolu,SKILL_ICTSOFT,Svi dobni rasponi ili nema podjele po godinama,Urbano,27.9103
2021,Udio mladih i odraslih sa vještinama u informacijskim i komunikacijskim tehnologijama (IKT),Postotak,Oba spola ili bez podjele po spolu,SKILL_ICTSOFT,Svi dobni rasponi ili nema podjele po godinama,Urbano,33.4453
2017,Udio mladih i odraslih sa vještinama u informacijskim i komunikacijskim tehnologijama (IKT),Postotak,Oba spola ili bez podjele po spolu,SKILL_ICTTRAF,Svi dobni rasponi ili nema podjele po godinama,Urbano,63.6026
2019,Udio mladih i odraslih sa vještinama u informacijskim i komunikacijskim tehnologijama (IKT),Postotak,Oba spola ili bez podjele po spolu,SKILL_ICTTRAF,Svi dobni rasponi ili nema podjele po godinama,Urbano,53.085
2021,Udio mladih i odraslih sa vještinama u informacijskim i komunikacijskim tehnologijama (IKT),Postotak,Oba spola ili bez podjele po spolu,SKILL_ICTTRAF,Svi dobni rasponi ili nema podjele po godinama,Urbano,17.6683
2017,Udio mladih i odraslih sa vještinama u informacijskim i komunikacijskim tehnologijama (IKT),Postotak,Žene,SKILL_ICTARSP,Svi dobni rasponi ili nema podjele po godinama,Urbano,11.5504
2019,Udio mladih i odraslih sa vještinama u informacijskim i komunikacijskim tehnologijama (IKT),Postotak,Žene,SKILL_ICTARSP,Svi dobni rasponi ili nema podjele po godinama,Urbano,8.3558
2017,Udio mladih i odraslih sa vještinama u informacijskim i komunikacijskim tehnologijama (IKT),Postotak,Žene,SKILL_ICTCMFL,Svi dobni rasponi ili nema podjele po godinama,Urbano,65.1259
2019,Udio mladih i odraslih sa vještinama u informacijskim i komunikacijskim tehnologijama (IKT),Postotak,Žene,SKILL_ICTCMFL,Svi dobni rasponi ili nema podjele po godinama,Urbano,44.5633
2017,Udio mladih i odraslih sa vještinama u informacijskim i komunikacijskim tehnologijama (IKT),Postotak,Žene,SKILL_ICTCOPA,Svi dobni rasponi ili nema podjele po godinama,Urbano,22.7221
2019,Udio mladih i odraslih sa vještinama u informacijskim i komunikacijskim tehnologijama (IKT),Postotak,Žene,SKILL_ICTCOPA,Svi dobni rasponi ili nema podjele po godinama,Urbano,19.3842
2021,Udio mladih i odraslih sa vještinama u informacijskim i komunikacijskim tehnologijama (IKT),Postotak,Žene,SKILL_ICTCOPA,Svi dobni rasponi ili nema podjele po godinama,Urbano,55.1835
2019,Udio mladih i odraslih sa vještinama u informacijskim i komunikacijskim tehnologijama (IKT),Postotak,Žene,SKILL_ICTEMAIL,Svi dobni rasponi ili nema podjele po godinama,Urbano,31.0779
2021,Udio mladih i odraslih sa vještinama u informacijskim i komunikacijskim tehnologijama (IKT),Postotak,Žene,SKILL_ICTEMAIL,Svi dobni rasponi ili nema podjele po godinama,Urbano,34.3732
2017,Udio mladih i odraslih sa vještinama u informacijskim i komunikacijskim tehnologijama (IKT),Postotak,Žene,SKILL_ICTEPRS,Svi dobni rasponi ili nema podjele po godinama,Urbano,16.7822
2019,Udio mladih i odraslih sa vještinama u informacijskim i komunikacijskim tehnologijama (IKT),Postotak,Žene,SKILL_ICTEPRS,Svi dobni rasponi ili nema podjele po godinama,Urbano,12.8841
2021,Udio mladih i odraslih sa vještinama u informacijskim i komunikacijskim tehnologijama (IKT),Postotak,Žene,SKILL_ICTEPRS,Svi dobni rasponi ili nema podjele po godinama,Urbano,17.9335
2021,Udio mladih i odraslih sa vještinama u informacijskim i komunikacijskim tehnologijama (IKT),Postotak,Žene,SKILL_INST,Svi dobni rasponi ili nema podjele po godinama,Urbano,11.954
2017,Udio mladih i odraslih sa vještinama u informacijskim i komunikacijskim tehnologijama (IKT),Postotak,Žene,SKILL_ICTPCPR,Svi dobni rasponi ili nema podjele po godinama,Urbano,1.2303
2019,Udio mladih i odraslih sa vještinama u informacijskim i komunikacijskim tehnologijama (IKT),Postotak,Žene,SKILL_ICTPCPR,Svi dobni rasponi ili nema podjele po godinama,Urbano,1.2542
2021,Udio mladih i odraslih sa vještinama u informacijskim i komunikacijskim tehnologijama (IKT),Postotak,Žene,SKILL_PRVCY,Svi dobni rasponi ili nema podjele po godinama,Urbano,8.6539
2021,Udio mladih i odraslih sa vještinama u informacijskim i komunikacijskim tehnologijama (IKT),Postotak,Žene,SKILL_SCRTY,Svi dobni rasponi ili nema podjele po godinama,Urbano,8.5273
2017,Udio mladih i odraslih sa vještinama u informacijskim i komunikacijskim tehnologijama (IKT),Postotak,Žene,SKILL_ICTSOFT,Svi dobni rasponi ili nema podjele po godinama,Urbano,26.4427
2021,Udio mladih i odraslih sa vještinama u informacijskim i komunikacijskim tehnologijama (IKT),Postotak,Žene,SKILL_ICTSOFT,Svi dobni rasponi ili nema podjele po godinama,Urbano,32.4182
2017,Udio mladih i odraslih sa vještinama u informacijskim i komunikacijskim tehnologijama (IKT),Postotak,Žene,SKILL_ICTTRAF,Svi dobni rasponi ili nema podjele po godinama,Urbano,61.1214
2019,Udio mladih i odraslih sa vještinama u informacijskim i komunikacijskim tehnologijama (IKT),Postotak,Žene,SKILL_ICTTRAF,Svi dobni rasponi ili nema podjele po godinama,Urbano,48.8223
2021,Udio mladih i odraslih sa vještinama u informacijskim i komunikacijskim tehnologijama (IKT),Postotak,Žene,SKILL_ICTTRAF,Svi dobni rasponi ili nema podjele po godinama,Urbano,18.0953
2017,Udio mladih i odraslih sa vještinama u informacijskim i komunikacijskim tehnologijama (IKT),Postotak,Muškarci,SKILL_ICTARSP,Svi dobni rasponi ili nema podjele po godinama,Urbano,11.597
2019,Udio mladih i odraslih sa vještinama u informacijskim i komunikacijskim tehnologijama (IKT),Postotak,Muškarci,SKILL_ICTARSP,Svi dobni rasponi ili nema podjele po godinama,Urbano,12.9437
2017,Udio mladih i odraslih sa vještinama u informacijskim i komunikacijskim tehnologijama (IKT),Postotak,Muškarci,SKILL_ICTCMFL,Svi dobni rasponi ili nema podjele po godinama,Urbano,65.6193
2019,Udio mladih i odraslih sa vještinama u informacijskim i komunikacijskim tehnologijama (IKT),Postotak,Muškarci,SKILL_ICTCMFL,Svi dobni rasponi ili nema podjele po godinama,Urbano,53.4007
2017,Udio mladih i odraslih sa vještinama u informacijskim i komunikacijskim tehnologijama (IKT),Postotak,Muškarci,SKILL_ICTCOPA,Svi dobni rasponi ili nema podjele po godinama,Urbano,35.4119
2019,Udio mladih i odraslih sa vještinama u informacijskim i komunikacijskim tehnologijama (IKT),Postotak,Muškarci,SKILL_ICTCOPA,Svi dobni rasponi ili nema podjele po godinama,Urbano,31.8467
2021,Udio mladih i odraslih sa vještinama u informacijskim i komunikacijskim tehnologijama (IKT),Postotak,Muškarci,SKILL_ICTCOPA,Svi dobni rasponi ili nema podjele po godinama,Urbano,62.5883
2019,Udio mladih i odraslih sa vještinama u informacijskim i komunikacijskim tehnologijama (IKT),Postotak,Muškarci,SKILL_ICTEMAIL,Svi dobni rasponi ili nema podjele po godinama,Urbano,45.0598
2021,Udio mladih i odraslih sa vještinama u informacijskim i komunikacijskim tehnologijama (IKT),Postotak,Muškarci,SKILL_ICTEMAIL,Svi dobni rasponi ili nema podjele po godinama,Urbano,36.2254
2017,Udio mladih i odraslih sa vještinama u informacijskim i komunikacijskim tehnologijama (IKT),Postotak,Muškarci,SKILL_ICTEPRS,Svi dobni rasponi ili nema podjele po godinama,Urbano,21.8395
2019,Udio mladih i odraslih sa vještinama u informacijskim i komunikacijskim tehnologijama (IKT),Postotak,Muškarci,SKILL_ICTEPRS,Svi dobni rasponi ili nema podjele po godinama,Urbano,16.8996
2021,Udio mladih i odraslih sa vještinama u informacijskim i komunikacijskim tehnologijama (IKT),Postotak,Muškarci,SKILL_ICTEPRS,Svi dobni rasponi ili nema podjele po godinama,Urbano,19.8366
2021,Udio mladih i odraslih sa vještinama u informacijskim i komunikacijskim tehnologijama (IKT),Postotak,Muškarci,SKILL_INST,Svi dobni rasponi ili nema podjele po godinama,Urbano,17.9928
2017,Udio mladih i odraslih sa vještinama u informacijskim i komunikacijskim tehnologijama (IKT),Postotak,Muškarci,SKILL_ICTPCPR,Svi dobni rasponi ili nema podjele po godinama,Urbano,3.9396
2019,Udio mladih i odraslih sa vještinama u informacijskim i komunikacijskim tehnologijama (IKT),Postotak,Muškarci,SKILL_ICTPCPR,Svi dobni rasponi ili nema podjele po godinama,Urbano,4.3378
2021,Udio mladih i odraslih sa vještinama u informacijskim i komunikacijskim tehnologijama (IKT),Postotak,Muškarci,SKILL_PRVCY,Svi dobni rasponi ili nema podjele po godinama,Urbano,9.1201
2021,Udio mladih i odraslih sa vještinama u informacijskim i komunikacijskim tehnologijama (IKT),Postotak,Muškarci,SKILL_SCRTY,Svi dobni rasponi ili nema podjele po godinama,Urbano,8.6996
2017,Udio mladih i odraslih sa vještinama u informacijskim i komunikacijskim tehnologijama (IKT),Postotak,Muškarci,SKILL_ICTSOFT,Svi dobni rasponi ili nema podjele po godinama,Urbano,29.6367
2021,Udio mladih i odraslih sa vještinama u informacijskim i komunikacijskim tehnologijama (IKT),Postotak,Muškarci,SKILL_ICTSOFT,Svi dobni rasponi ili nema podjele po godinama,Urbano,34.7109
2017,Udio mladih i odraslih sa vještinama u informacijskim i komunikacijskim tehnologijama (IKT),Postotak,Muškarci,SKILL_ICTTRAF,Svi dobni rasponi ili nema podjele po godinama,Urbano,66.5215
2019,Udio mladih i odraslih sa vještinama u informacijskim i komunikacijskim tehnologijama (IKT),Postotak,Muškarci,SKILL_ICTTRAF,Svi dobni rasponi ili nema podjele po godinama,Urbano,58.7518
2021,Udio mladih i odraslih sa vještinama u informacijskim i komunikacijskim tehnologijama (IKT),Postotak,Muškarci,SKILL_ICTTRAF,Svi dobni rasponi ili nema podjele po godinama,Urbano,17.1422
