{"Year":[2003,2004,2005,2006,2007,2008,2009,2010,2011,2012,2013,2014,2015,2016,2017,2018],"UNIT_MEASURE":["%","%","%","%","%","%","%","%","%","%","%","%","%","%","%","%"],"Value":[23.9562657328,23.9562657328,41.41298189,44.200802904,44.9060770735,43.6400967956,41.7375095023,42.8563874887,43.3316157281,43.7502030221,42.6582565862,43.8087208477,43.1510838982,42.7014657298,42.960209393,43.1099367098]}