Year,Value,UNIT_MEASURE,SERIES
2006,0.883600405130323,Однос,SE_GPI_PART
2007,0.891686129033341,Однос,SE_GPI_PART
2008,1.06196239724885,Однос,SE_GPI_PART
2010,0.910083897185205,Однос,SE_GPI_PART
2011,0.98996595671436,Однос,SE_GPI_PART
2012,1.05592578636944,Однос,SE_GPI_PART
2016,0.955056179775281,Однос,SE_GPI_PART
