{"data":{"Year":[2000,2010,2015,2016,2017,2018,2019,2020,2000,2010,2015,2016,2017,2018,2019,2020,2015],"SERIES":["\u0160umska povr\u0161ina (hektari)","\u0160umska povr\u0161ina (hektari)","\u0160umska povr\u0161ina (hektari)","\u0160umska povr\u0161ina (hektari)","\u0160umska povr\u0161ina (hektari)","\u0160umska povr\u0161ina (hektari)","\u0160umska povr\u0161ina (hektari)","\u0160umska povr\u0161ina (hektari)","Udio \u0161umske povr\u0161ine u ukupnoj povr\u0161ini zemlji\u0161ta","Udio \u0161umske povr\u0161ine u ukupnoj povr\u0161ini zemlji\u0161ta","Udio \u0161umske povr\u0161ine u ukupnoj povr\u0161ini zemlji\u0161ta","Udio \u0161umske povr\u0161ine u ukupnoj povr\u0161ini zemlji\u0161ta","Udio \u0161umske povr\u0161ine u ukupnoj povr\u0161ini zemlji\u0161ta","Udio \u0161umske povr\u0161ine u ukupnoj povr\u0161ini zemlji\u0161ta","Udio \u0161umske povr\u0161ine u ukupnoj povr\u0161ini zemlji\u0161ta","Udio \u0161umske povr\u0161ine u ukupnoj povr\u0161ini zemlji\u0161ta","Povr\u0161ina zemlji\u0161ta (hektari)"],"UNIT_MEASURE":["Tisu\u0107e hektara","Tisu\u0107e hektara","Tisu\u0107e hektara","Tisu\u0107e hektara","Tisu\u0107e hektara","Tisu\u0107e hektara","Tisu\u0107e hektara","Tisu\u0107e hektara","Postotak","Postotak","Postotak","Postotak","Postotak","Postotak","Postotak","Postotak","Tisu\u0107e hektara"],"Value":[2111.65,2102.66,2160.5,2176.51,2187.91,2187.91,2187.91,2187.91,41.2431640625,41.067578125,42.197265625,42.5099609375,42.7326171875,42.7326171875,42.7326171875,42.7326171875,5120.0]},"edges":[]}