{"Year":[2000,2001,2002,2003,2004,2005,2006,2007,2008,2009,2010,2011,2012,2013,2014,2015,2016,2017,2018,2019],"SERIES":["DC_ODA_POVLG","DC_ODA_POVLG","DC_ODA_POVLG","DC_ODA_POVLG","DC_ODA_POVLG","DC_ODA_POVLG","DC_ODA_POVLG","DC_ODA_POVLG","DC_ODA_POVLG","DC_ODA_POVLG","DC_ODA_POVLG","DC_ODA_POVLG","DC_ODA_POVLG","DC_ODA_POVLG","DC_ODA_POVLG","DC_ODA_POVLG","DC_ODA_POVLG","DC_ODA_POVLG","DC_ODA_POVLG","DC_ODA_POVLG"],"UNIT_MEASURE":["PT","PT","PT","PT","PT","PT","PT","PT","PT","PT","PT","PT","PT","PT","PT","PT","PT","PT","PT","PT"],"Value":[0.50427,0.93125,0.13714,0.25946,0.23321,0.1206,0.14395,0.10574,0.0942,0.06307,0.14942,0.18138,0.27539,0.16629,0.09827,0.26383,0.16277,0.13437,0.07866,0.1]}