{"Year":[2011,2012,2013,2014,2015,2016,2011,2012,2013,2014,2015,2016,2011,2012,2013,2014,2015,2016],"SERIES":["EN_ATM_PM25","EN_ATM_PM25","EN_ATM_PM25","EN_ATM_PM25","EN_ATM_PM25","EN_ATM_PM25","EN_ATM_PM25","EN_ATM_PM25","EN_ATM_PM25","EN_ATM_PM25","EN_ATM_PM25","EN_ATM_PM25","EN_ATM_PM25","EN_ATM_PM25","EN_ATM_PM25","EN_ATM_PM25","EN_ATM_PM25","EN_ATM_PM25"],"UNIT_MEASURE":["GPERM3","GPERM3","GPERM3","GPERM3","GPERM3","GPERM3","GPERM3","GPERM3","GPERM3","GPERM3","GPERM3","GPERM3","GPERM3","GPERM3","GPERM3","GPERM3","GPERM3","GPERM3"],"URBANISATION":["_T","_T","_T","_T","_T","_T","R","R","R","R","R","R","U","U","U","U","U","U"],"Value":[35.83143,32.49317,30.99299,30.98395,29.90073,28.14132,31.51145,28.64958,27.4311,27.34606,26.2785,24.86476,39.21953,35.45015,33.82465,33.83705,32.70784,30.68738]}