{"Year":[2000,2001,2002,2003,2004,2005,2006,2007,2008,2009,2010,2011,2012,2013,2014],"SERIES":["EN_ATM_GHGT_NAIP","EN_ATM_GHGT_NAIP","EN_ATM_GHGT_NAIP","EN_ATM_GHGT_NAIP","EN_ATM_GHGT_NAIP","EN_ATM_GHGT_NAIP","EN_ATM_GHGT_NAIP","EN_ATM_GHGT_NAIP","EN_ATM_GHGT_NAIP","EN_ATM_GHGT_NAIP","EN_ATM_GHGT_NAIP","EN_ATM_GHGT_NAIP","EN_ATM_GHGT_NAIP","EN_ATM_GHGT_NAIP","EN_ATM_GHGT_NAIP"],"UNIT_MEASURE":["MT_CO2E","MT_CO2E","MT_CO2E","MT_CO2E","MT_CO2E","MT_CO2E","MT_CO2E","MT_CO2E","MT_CO2E","MT_CO2E","MT_CO2E","MT_CO2E","MT_CO2E","MT_CO2E","MT_CO2E"],"Value":[15.24948,16.11846,16.08008,16.43675,17.45184,16.46155,18.72169,18.7885,20.3794,23.78287,25.7402,28.10784,21.81644,24.029,25.74]}