{"Year":[2000,2010,2015,2018,2000,2010,2015,2018,2000,2010,2015,2018,2000,2010,2015,2018],"SERIES":["ER_MTN_GRNCVI","ER_MTN_GRNCVI","ER_MTN_GRNCVI","ER_MTN_GRNCVI","ER_MTN_GRNCVI","ER_MTN_GRNCVI","ER_MTN_GRNCVI","ER_MTN_GRNCVI","ER_MTN_GRNCVI","ER_MTN_GRNCVI","ER_MTN_GRNCVI","ER_MTN_GRNCVI","ER_MTN_GRNCVI","ER_MTN_GRNCVI","ER_MTN_GRNCVI","ER_MTN_GRNCVI"],"UNIT_MEASURE":["PT","PT","PT","PT","PT","PT","PT","PT","PT","PT","PT","PT","PT","PT","PT","PT"],"M_ELEVATION":["EL_4","EL_4","EL_4","EL_4","EL_5","EL_5","EL_5","EL_5","EL_6","EL_6","EL_6","EL_6","_T","_T","_T","_T"],"Value":[98.83175,98.6789,98.65706,98.65706,99.89037,99.87283,99.87137,99.86991,99.08893,98.94655,98.86165,98.84271,99.31639,99.21062,99.15297,99.13996]}