{"Year":[2000,2001,2002,2003,2004,2005,2006,2007,2008,2009,2010,2011,2012,2013,2014,2015,2016,2017,2018,2019,2020,2021,2019,2020,2021,2016,2017,2018,2019,2020,2021,2019,2020,2021,2019,2020,2021,2016,2017,2018,2020,2021],"SERIES":["GF_FRN_FDI","GF_FRN_FDI","GF_FRN_FDI","GF_FRN_FDI","GF_FRN_FDI","GF_FRN_FDI","GF_FRN_FDI","GF_FRN_FDI","GF_FRN_FDI","GF_FRN_FDI","GF_FRN_FDI","GF_FRN_FDI","GF_FRN_FDI","GF_FRN_FDI","GF_FRN_FDI","GF_FRN_FDI","GF_FRN_FDI","GF_FRN_FDI","GF_FRN_FDI","GF_FRN_FDI","GF_FRN_FDI","GF_FRN_FDI","DC_OSSD_GRT","DC_OSSD_GRT","DC_OSSD_GRT","DC_OSSD_MPF","DC_OSSD_MPF","DC_OSSD_MPF","DC_OSSD_MPF","DC_OSSD_MPF","DC_OSSD_MPF","DC_OSSD_OFFCL","DC_OSSD_OFFCL","DC_OSSD_OFFCL","DC_OSSD_OFFNL","DC_OSSD_OFFNL","DC_OSSD_OFFNL","DC_OSSD_PRVGRT","DC_OSSD_PRVGRT","DC_OSSD_PRVGRT","DC_OSSD_PRVGRT","DC_OSSD_PRVGRT"],"UNIT_MEASURE":["CU_USD_M","CU_USD_M","CU_USD_M","CU_USD_M","CU_USD_M","CU_USD_M","CU_USD_M","CU_USD_M","CU_USD_M","CU_USD_M","CU_USD_M","CU_USD_M","CU_USD_M","CU_USD_M","CU_USD_M","CU_USD_M","CU_USD_M","CU_USD_M","CU_USD_M","CU_USD_M","CU_USD_M","CU_USD_M","CU_USD_M","CU_USD_M","CU_USD_M","CU_USD_M","CU_USD_M","CU_USD_M","CU_USD_M","CU_USD_M","CU_USD_M","CU_USD_M","CU_USD_M","CU_USD_M","CU_USD_M","CU_USD_M","CU_USD_M","CU_USD_M","CU_USD_M","CU_USD_M","CU_USD_M","CU_USD_M"],"Value":[146.07558,118.86707,265.17369,381.05307,511.18617,351.18582,554.69003,1819.24423,1001.64769,249.9485,406.08909,496.52508,394.87324,276.36197,550.1991,361.14013,349.75913,491.88802,581.38305,341.55184,395.01595,519.07318,290.95622,352.74051,360.45896,276.8741,7.71555,201.69524,34.10933,211.41827,142.32105,202.80984,139.12384,251.65557,206.29082,419.31387,492.29026,0.4818,0.16011,2.41508,0.29894,2.91168]}