{"Year":[2000,2001,2002,2003,2004,2005,2006,2007,2008,2009,2010,2011,2012,2013,2014,2015,2016,2017,2018],"SERIES":["DT_TDS_DECT","DT_TDS_DECT","DT_TDS_DECT","DT_TDS_DECT","DT_TDS_DECT","DT_TDS_DECT","DT_TDS_DECT","DT_TDS_DECT","DT_TDS_DECT","DT_TDS_DECT","DT_TDS_DECT","DT_TDS_DECT","DT_TDS_DECT","DT_TDS_DECT","DT_TDS_DECT","DT_TDS_DECT","DT_TDS_DECT","DT_TDS_DECT","DT_TDS_DECT"],"UNIT_MEASURE":["PT","PT","PT","PT","PT","PT","PT","PT","PT","PT","PT","PT","PT","PT","PT","PT","PT","PT","PT"],"Value":[12.67419,11.979,5.93503,5.22393,4.11623,3.58475,3.34136,3.1481,2.70532,3.28689,3.629,3.68589,4.4527,7.053,7.73086,7.40867,6.5877,7.56039,6.99986]}