{"Year":[2000,2001,2002,2003,2004,2005,2006,2007,2008,2009,2010,2011,2012,2013,2014,2015,2016,2017,2018],"SERIES":["DC_TOF_WASHL","DC_TOF_WASHL","DC_TOF_WASHL","DC_TOF_WASHL","DC_TOF_WASHL","DC_TOF_WASHL","DC_TOF_WASHL","DC_TOF_WASHL","DC_TOF_WASHL","DC_TOF_WASHL","DC_TOF_WASHL","DC_TOF_WASHL","DC_TOF_WASHL","DC_TOF_WASHL","DC_TOF_WASHL","DC_TOF_WASHL","DC_TOF_WASHL","DC_TOF_WASHL","DC_TOF_WASHL"],"UNIT_MEASURE":["USD","USD","USD","USD","USD","USD","USD","USD","USD","USD","USD","USD","USD","USD","USD","USD","USD","USD","USD"],"Value":[19.58084,38.82584,9.64236,13.74311,42.03058,20.24693,15.9279,16.63345,14.33219,17.65463,28.46099,43.36911,43.07214,37.56426,43.50735,69.22512,69.22512,49.60147,16.60477]}