{"Year":[2003,2004,2005,2006,2007,2012,2013,2014,2015,2016,2017,2018,2019,2020],"SERIES":["GB_POP_SCIERD","GB_POP_SCIERD","GB_POP_SCIERD","GB_POP_SCIERD","GB_POP_SCIERD","GB_POP_SCIERD","GB_POP_SCIERD","GB_POP_SCIERD","GB_POP_SCIERD","GB_POP_SCIERD","GB_POP_SCIERD","GB_POP_SCIERD","GB_POP_SCIERD","GB_POP_SCIERD"],"UNIT_MEASURE":["PER_1000000_POP","PER_1000000_POP","PER_1000000_POP","PER_1000000_POP","PER_1000000_POP","PER_1000000_POP","PER_1000000_POP","PER_1000000_POP","PER_1000000_POP","PER_1000000_POP","PER_1000000_POP","PER_1000000_POP","PER_1000000_POP","PER_1000000_POP"],"Value":[61.59419,63.42766,67.1423,178.23305,198.03677,160.13994,233.86738,292.38061,365.22839,419.99063,485.42082,471.2501,460.0364,451.9908]}